cust_id,product_id,order_count,reordercount
116301,2836,190,139
278,2113,180,127
198652,3575,11,11
168859,10351,70,21
31105,14114,170,53
21735,8490,146,24
154504,3560,86,32
16008,10996,113,84
159560,5471,39,25
129270,17135,64,17
170046,6271,80,70
174962,15917,80,59
84927,2806,154,83
37518,4137,18,15
106975,16584,120,63
175445,8240,26,23
42397,17219,184,109
195824,3442,162,17
68972,13907,165,1
176349,14435,167,114
144273,8375,15,9
38748,1379,12,7
157614,13029,172,149
206017,11504,38,0
60384,10963,108,88
162327,852,19,7
155151,14335,187,159
205652,8843,28,0
61627,1592,34,8
66851,16888,128,91
183669,15655,114,75
95304,7819,67,10
129698,6744,38,30
52668,8334,7,1
120156,15150,106,84
7465,1913,55,36
195607,9883,108,24
4130,12734,101,94
202483,10346,162,29
35483,16039,187,102
135396,11858,11,8
150309,8524,30,8
162063,9924,46,9
51497,5122,15,14
44436,11764,121,64
50115,16070,58,50
68918,4306,65,11
184037,12524,153,122
90969,6559,162,21
179124,5460,60,49
8128,2974,102,80
88336,593,144,78
46572,2040,133,103
34680,700,90,16
61280,14611,181,55
176671,5510,100,62
27449,14240,72,46
192881,12318,189,153
198473,7383,149,51
180202,13863,116,62
44972,9243,104,13
131413,3737,116,59
167597,7175,167,122
202271,12299,141,12
78824,11581,194,181
177573,13314,115,18
130236,16005,81,57
188291,9289,30,2
102462,17905,98,13
44924,829,27,10
154350,3942,180,128
99379,11202,60,23
184326,17841,12,8
6960,17561,176,35
152482,12009,31,23
27818,11109,132,46
79059,2038,118,81
85332,12984,63,27
19940,4501,160,85
107512,10993,140,62
106424,12982,135,50
202100,10365,59,19
189720,5239,153,135
173032,7918,85,55
16683,9063,172,50
137275,11811,1,0
23537,10386,148,88
93383,16684,53,48
123595,13792,140,126
104620,15263,143,60
18772,1607,77,1
34845,15231,130,38
99401,2388,4,2
13366,808,20,11
112125,12286,153,18
65341,6545,104,18
172839,11637,86,31
88610,11023,75,46
197647,9050,105,103
103473,3043,28,20
100942,16470,171,47
17494,4923,27,13
160450,4863,15,10
59299,3877,172,102
140212,702,165,84
178196,10137,116,53
22324,14698,89,3
104876,6580,46,38
54518,10555,89,23
81453,14304,7,7
128404,13487,81,51
94949,226,125,109
71967,1969,88,1
120748,9574,26,22
72995,16714,163,14
51088,12933,30,21
65333,17723,200,4
141804,9366,99,27
61183,2511,4,2
205617,11621,184,179
115827,10062,149,126
158546,5236,178,17
27993,15332,200,34
11021,5122,153,78
105647,16614,39,34
175211,5532,154,53
8908,6689,118,117
73843,3304,29,15
74424,202,152,92
5766,6897,159,137
116196,10703,130,50
93440,2849,75,64
58545,13802,58,54
192722,11848,31,12
162209,14110,20,19
9667,1155,189,89
97272,726,12,7
169991,6168,6,0
2014,10106,129,123
25233,12715,121,5
171642,1568,33,26
30169,11613,51,49
76081,17457,5,1
86001,6084,72,39
33429,8111,31,1
157212,750,128,31
149141,2527,159,16
125412,3207,38,3
73669,12838,135,127
119345,8381,192,36
165153,3628,159,60
184999,6561,97,24
136278,546,159,13
10275,12693,106,50
98434,2709,170,102
170082,10252,184,149
88315,8369,133,123
72591,14019,50,40
169308,11818,197,30
27351,6007,92,47
42463,17248,120,69
22668,7210,161,79
196227,5123,80,18
123010,14486,73,63
47601,3916,182,66
197658,14470,44,41
184215,8978,47,13
148540,10394,36,0
80932,9181,170,51
161593,11750,149,99
48094,2178,134,103
28106,11721,45,25
178029,948,150,16
15798,8029,7,6
156481,13735,3,0
190380,14835,173,119
189858,3379,159,28
16742,17811,36,30
14416,16034,42,36
88870,11989,125,53
129833,3214,153,86
32911,2954,147,40
60787,10087,74,18
61174,11397,32,4
121803,7384,44,24
162585,1716,160,7
104436,6369,17,6
173790,8539,55,7
68770,13651,117,11
103653,5925,45,37
109368,3510,48,39
78050,15757,198,195
66796,2394,184,54
31310,7893,45,44
15153,10968,15,12
175779,17118,64,28
185814,15927,183,21
140957,3817,187,136
145532,11744,149,80
168531,8724,189,23
177596,12979,140,21
112106,11123,191,136
111696,3074,100,48
150111,7986,63,29
79933,7994,140,15
182642,13475,198,88
38277,9589,126,107
154265,2250,191,145
52423,9210,145,119
42387,8451,10,10
182856,1593,9,8
87366,7752,57,4
3208,13644,17,15
184975,12980,177,154
64169,2331,105,31
193283,12348,46,0
109231,4569,37,36
110933,15657,25,1
89950,2543,59,14
115766,9913,145,121
41182,8839,44,1
69165,2487,138,114
106535,14013,43,28
56259,1874,30,29
57479,17591,45,9
149757,15801,63,49
19119,3884,88,40
184809,976,58,20
74509,334,101,81
179224,301,98,85
27601,17732,126,96
184245,17144,120,40
76041,1828,149,143
13137,7623,138,122
140715,8573,121,15
122900,12421,37,20
139294,2954,162,149
176916,592,37,10
144227,2747,56,11
200082,10929,54,5
32703,15881,182,7
67696,13032,32,10
190719,11385,96,66
53544,438,152,117
193623,17296,76,59
124533,5416,122,108
43520,3151,192,192
135825,3040,181,172
137270,7954,121,18
107119,3235,135,130
95270,4413,102,62
165153,4229,16,11
185508,3198,112,86
71314,4817,199,144
194619,14582,120,27
198958,11572,138,60
104719,6547,151,147
75051,7277,110,7
1603,11537,151,137
79449,7023,187,151
37537,6639,51,43
178229,14468,80,6
49946,7412,10,1
195070,328,46,41
114927,9662,165,10
108228,10771,60,52
94761,12140,196,37
73888,13483,125,121
169044,2532,65,49
32210,14816,151,65
138294,8987,116,24
204989,15550,115,106
83031,15409,112,42
141136,924,107,68
192008,10697,26,6
196893,3436,101,95
24611,16165,140,66
115965,8808,162,155
90081,16869,95,54
15237,15733,155,23
141203,14569,156,149
181366,7731,122,80
122300,867,173,58
177828,7298,167,56
196973,15641,130,80
204936,12455,200,25
204718,2913,192,81
182609,16405,139,127
206054,12688,34,14
65982,8701,7,0
205734,9034,200,182
28827,2715,182,135
32443,2760,7,0
97469,430,15,6
109135,13766,93,30
173137,13995,109,42
12478,15961,87,52
21819,2653,16,0
116483,16563,198,132
141960,11328,53,16
64910,1086,27,21
20063,17887,186,186
21810,13744,171,155
147783,14848,48,19
204636,3727,119,25
123477,10817,113,106
104486,4442,17,5
121676,17211,175,12
100997,15986,83,75
37208,10255,134,130
81534,4297,189,151
72605,2652,73,66
90620,4027,156,85
126563,7153,80,53
40687,9854,142,66
111196,8072,38,9
171477,16166,34,30
61809,6154,69,44
12892,11639,121,95
103723,26,13,0
85223,16782,89,52
74993,1937,170,112
102461,17985,69,22
98738,3680,115,11
165755,5851,137,48
10605,6802,164,91
149193,15986,147,75
137640,5358,32,22
117269,12944,96,64
204502,7073,76,63
61600,12778,86,9
81576,8928,126,74
142778,10165,36,5
84197,5506,160,108
184470,12500,57,28
84633,14790,76,63
179924,17862,132,34
110216,12101,12,11
23533,8675,182,55
74965,9948,169,3
135789,17969,27,21
146824,6105,157,124
60436,13126,89,20
129458,7732,19,12
11460,8815,167,158
174940,2299,48,17
202037,4947,145,109
128841,11075,49,3
166395,11800,160,82
162484,2795,86,19
41134,5184,29,9
147264,8277,69,10
77607,15043,61,42
112469,13688,6,5
65450,16388,74,37
127855,14410,145,92
90297,1701,43,8
77189,8897,30,16
171523,16664,35,17
28039,3520,19,1
173744,6435,41,9
68229,16448,95,74
167534,13630,172,99
28535,7260,144,11
132218,14580,156,18
171122,10819,186,114
172925,10200,161,147
128939,14062,75,14
156166,8159,181,156
165428,14063,83,25
162092,13818,146,82
60478,15335,105,100
69869,14460,104,24
116762,4685,16,7
4150,806,98,97
67327,16797,78,38
140532,5519,45,21
175239,1233,5,3
176279,15378,134,51
4619,14134,26,12
47621,12462,50,39
85600,12669,81,67
37200,12087,170,137
132111,5507,72,45
138978,9611,107,48
31839,13901,81,55
40377,14092,143,124
131758,7352,140,139
192637,5984,79,73
23637,3356,53,20
50334,16528,88,85
81963,13064,99,1
112449,14476,121,70
186659,13198,82,76
77290,10779,67,13
149816,2976,151,90
77075,15600,39,39
202979,16922,77,66
126044,16331,166,57
150369,537,160,85
113373,9110,153,104
152891,10946,182,159
13991,10195,65,0
17342,16430,184,34
31105,6931,22,21
65948,3247,159,55
199998,15243,1,0
182214,8606,127,14
173649,13560,6,0
180063,9631,135,41
201764,9518,83,39
33877,678,196,114
122060,11713,187,121
183811,12196,43,25
99345,15047,147,89
161597,1143,56,22
82990,10744,46,44
186273,6750,108,60
107467,1106,154,116
91010,6929,33,26
107510,4900,177,103
106535,10894,92,7
117058,9380,25,17
186997,10786,78,24
117046,4144,34,20
91881,916,96,45
123633,4346,36,28
143076,11354,55,19
120582,2530,99,22
42326,9711,116,103
116269,15710,12,12
21299,16341,96,50
96891,1123,53,27
63097,14974,96,76
168563,12505,191,111
201265,51,66,17
95956,5589,36,19
111139,6244,98,95
180807,8825,80,79
166320,7903,32,6
151962,2927,46,33
57479,17473,127,126
157725,14808,106,33
131475,16072,48,27
102411,455,110,23
173537,15623,131,59
167417,13720,125,69
81286,7707,9,8
76081,4340,144,89
22846,6288,164,21
63652,17735,7,0
15866,7076,31,28
94094,14477,28,2
153631,14407,157,145
138111,15497,109,48
46313,3222,9,2
45337,5262,166,97
182091,14845,11,0
176332,2159,99,19
54939,254,131,100
157740,5259,179,90
202853,7302,192,183
121402,2729,187,9
93763,1181,53,12
151468,2475,53,10
76973,5919,198,91
1928,5930,52,13
73538,7180,107,54
123477,17961,172,37
158202,15544,159,135
73400,5572,36,24
67779,15917,200,94
173103,15238,48,26
198042,8340,93,62
171270,14759,68,25
163884,10614,21,17
113249,7814,168,115
202271,5415,52,12
87815,4316,198,154
23836,11931,24,11
191113,10034,105,6
185444,11432,114,54
110594,3537,22,4
129097,2847,38,27
48593,13114,194,176
126356,17258,13,1
110666,14597,40,20
182303,11405,146,37
137001,14199,20,2
161611,6237,42,33
140598,1763,134,78
20708,9410,181,4
172781,17758,193,35
151999,15188,115,56
106165,3438,98,75
175463,17173,99,27
85223,5090,175,78
69288,13028,163,53
133507,7539,153,82
188514,5415,46,20
98671,14315,12,1
57106,437,102,36
24258,11591,71,10
62083,13965,91,22
9875,6162,121,18
7316,10874,26,26
107201,8273,13,6
135761,10003,57,44
122615,9257,148,10
133432,17387,9,1
64910,14131,103,84
107694,14790,167,52
84232,230,154,74
93124,12466,37,28
95526,6563,28,4
8884,17063,177,175
134038,16891,17,13
5195,4773,158,19
122546,3747,48,35
151334,5402,75,6
3416,1732,50,33
166124,8027,143,34
169320,1344,102,26
141006,16544,111,33
129394,10803,164,160
78242,11853,83,6
141610,17989,67,5
125412,13328,181,67
178316,12735,12,7
136284,7938,58,39
202979,14978,177,35
203180,1898,120,50
195929,1157,43,31
160692,1036,188,14
50816,6131,117,106
168305,6798,26,11
124799,16062,51,2
91889,3793,171,5
49706,6687,137,26
157067,11246,87,42
185475,15142,32,22
190976,17470,43,2
9731,8447,198,192
133433,11229,164,85
55872,10854,97,57
25013,16127,173,87
72993,8353,161,87
95854,9562,99,76
139250,12787,25,24
127964,17611,166,106
206166,5803,176,106
174161,768,61,50
35109,4636,159,48
35483,14915,192,61
39177,5023,194,160
192230,10925,182,4
3278,11196,177,140
199709,10427,188,49
200407,12865,78,76
75319,13256,160,27
114927,12963,174,141
9483,7729,48,29
124676,6859,199,184
124155,14378,136,37
194348,4719,191,31
88696,4161,40,12
81096,7150,166,107
32874,10305,98,90
73538,17579,73,64
43157,1804,163,135
47233,7263,35,13
59797,4198,118,116
51107,5167,161,122
23894,15134,119,54
24582,17704,56,55
189768,15239,148,59
127964,8818,141,61
58363,12557,174,61
178419,15837,185,56
200571,15367,50,7
92239,11713,92,77
98009,5217,84,5
145414,17901,85,58
200914,3728,97,16
1257,13007,164,134
179483,15517,119,66
79574,16280,71,1
121193,17782,89,32
171591,13230,90,16
137116,11681,168,59
64438,13318,46,3
177686,1088,70,56
114232,1783,0,0
37544,2293,127,97
68227,4245,187,176
52149,9228,60,54
118133,7549,104,34
195154,8872,191,14
2957,895,11,3
167385,14175,87,34
119756,2095,104,75
102336,13507,22,17
107409,1489,20,6
183147,4428,14,7
148588,9493,8,2
66333,530,100,85
132377,199,172,138
29897,5551,133,103
25221,13294,1,1
158033,13545,149,95
37761,7227,40,2
35445,7974,21,13
200589,2141,46,10
195443,11298,22,20
110378,6019,72,55
150449,14760,106,55
167875,2563,185,133
201932,3908,26,6
134837,13268,80,42
155715,15963,138,108
91326,3821,188,29
71690,13430,62,62
155343,3419,85,59
64587,5526,75,17
172399,10648,77,5
89075,13729,166,37
180749,13700,70,48
147332,6959,173,152
58578,16468,84,49
151835,16598,45,10
165585,7513,15,7
16037,8910,47,46
25355,1396,113,23
183288,6749,143,26
91685,6732,116,15
63397,4753,24,5
45605,1808,49,29
169791,8453,128,59
64185,16022,100,57
21236,12839,31,11
4615,7048,146,131
165607,9845,73,68
13518,2463,181,64
47750,9141,24,1
89264,11528,41,34
199844,4365,165,156
35495,15787,118,20
136315,14021,150,111
108319,17251,78,69
4322,12765,74,53
40267,6395,85,49
90133,5652,119,80
146961,15201,179,21
13653,2613,101,98
9786,9890,88,50
200506,14110,55,11
187183,13959,33,33
175211,4508,36,25
100376,5533,151,63
28980,15008,110,23
141754,16167,174,18
147848,13361,130,78
56488,16416,85,66
14467,3229,167,39
166198,1107,143,133
6579,7535,68,5
203772,13744,123,109
17068,11081,147,65
76802,7770,153,70
155839,17067,140,72
20283,2789,78,28
148575,7994,82,56
55631,12223,136,9
61709,4647,43,33
194251,9703,3,2
100399,4447,26,9
50430,13070,19,18
149715,1157,156,41
52517,2634,59,6
158973,6701,118,79
54997,14491,108,25
11175,214,71,31
18394,11769,47,7
128895,15156,32,12
114564,12709,103,78
76081,10378,41,28
13440,11806,166,24
107432,6029,135,4
8047,409,134,51
81769,11563,183,163
46867,5923,168,159
99008,1911,65,34
136090,7650,189,132
49020,1235,19,2
25431,16818,8,8
155006,4456,22,21
158544,4957,136,1
12150,10834,79,44
198552,12900,97,93
31026,16166,9,7
124803,16246,136,59
187149,4851,120,20
58580,13760,106,37
55915,13387,44,10
172824,28,93,34
55444,10243,7,4
129467,3370,95,57
188584,3336,151,45
175853,7695,60,50
133224,6953,131,16
35536,1424,143,23
90,15526,84,40
149743,1888,105,31
195443,14170,97,31
73928,14378,132,13
179369,10266,100,43
204622,4647,159,116
51247,6063,171,82
88821,4533,173,111
50840,3838,16,14
152188,17116,178,23
3243,15627,141,39
144262,7346,102,50
198145,17134,171,2
100605,1225,96,69
71112,17723,119,91
53783,4608,183,92
56202,15050,103,38
79933,6960,174,117
180807,16964,146,16
198700,11590,86,71
110033,11698,132,81
40086,4653,174,69
25842,630,67,34
107049,3348,198,31
84294,378,24,18
168377,11798,67,0
143001,2519,15,13
89075,3927,54,48
180899,6708,121,4
195702,15770,81,27
88539,2220,72,39
145532,1207,148,45
109405,17121,170,50
463,2750,97,83
12396,12513,132,88
132968,15456,45,32
36671,10230,184,140
10212,2484,194,164
128544,14266,10,9
81440,16758,105,18
164014,1656,41,21
144252,11341,26,7
8475,13353,76,55
72051,2169,21,18
58580,6823,132,128
68755,15605,145,104
157209,10007,156,28
62924,6794,63,55
61736,17255,33,0
1012,1171,81,2
135385,8899,169,136
82666,11016,176,108
99571,1006,156,155
49559,9219,22,22
176634,4928,131,54
155472,9095,145,131
110360,3250,146,105
53659,14221,44,39
23335,1252,92,8
119856,6576,120,95
29890,2767,151,45
205156,11260,171,68
94196,11238,114,52
114478,9593,11,6
125657,14707,90,45
155666,4208,165,89
176695,5662,109,26
96930,11823,97,29
17248,1097,4,0
170794,9176,69,48
157909,12625,93,86
63417,600,134,35
57326,11496,196,13
179944,16794,126,110
117611,12433,48,34
89320,16474,58,57
202840,13052,68,0
179255,2371,159,5
69991,6130,164,35
54567,15572,45,20
35075,4530,14,14
167716,8507,38,35
112000,13963,74,31
118413,13564,93,22
36705,6624,40,38
22317,3955,110,20
50689,4643,25,19
147225,10501,70,52
18797,16541,85,76
33944,17284,53,10
46810,11388,197,42
82990,16967,4,1
48612,2934,142,129
140434,13509,107,9
74180,11326,88,51
180667,17012,135,24
81366,14058,2,1
130095,5026,62,29
68066,12736,195,83
111605,14354,178,80
205010,13497,135,31
147368,12727,168,42
141022,11756,24,8
100655,12482,37,17
61235,13635,193,38
147543,17284,94,66
171217,1031,20,16
73665,1503,32,20
27785,15474,116,18
16916,314,80,46
25060,7031,75,74
164602,11397,21,12
59620,1323,56,42
74991,7293,32,16
31645,12729,143,46
7928,13861,131,39
80907,9495,110,27
187481,10857,141,35
165769,9090,135,134
93279,13851,62,45
88314,8582,179,27
86678,16561,131,121
127781,10139,38,34
109405,12665,99,37
136611,11965,178,13
35536,5414,45,8
169052,589,60,1
178287,4352,21,7
91462,1220,119,10
93232,7470,133,127
101540,12442,8,6
108716,12054,177,87
192985,14282,125,111
65231,15973,172,19
105490,17856,116,45
73252,5341,120,27
86728,4458,155,112
91846,16970,170,74
36228,3516,95,24
155769,3564,22,5
89264,15864,186,153
13518,646,31,20
82437,3241,35,23
113037,3490,142,131
32559,5886,171,8
82137,17471,51,10
109039,7591,104,102
178264,5136,150,96
55163,8951,143,89
123199,17740,84,44
86225,10671,119,53
139555,6618,102,24
181375,2555,123,99
97038,5518,133,1
180063,490,82,79
78273,8510,127,119
184997,1891,140,85
39794,15909,177,132
124034,17002,28,14
2727,12544,179,111
127190,5052,6,2
50136,12832,40,12
24229,17250,142,75
164212,6766,72,30
77021,5323,134,125
103083,3147,166,77
16057,12093,2,1
39987,13906,189,139
134756,1995,56,34
128911,14425,20,0
127496,14491,108,1
122060,5434,191,60
98597,13291,37,7
179135,5989,171,112
84197,17022,144,52
54483,1889,58,15
65619,8027,89,22
79577,11970,7,5
128020,5916,90,24
23487,13345,106,105
115734,17948,72,8
12803,16403,173,154
18316,4298,175,90
87067,9479,39,16
108040,15207,17,16
158721,12055,57,56
4521,15551,93,50
148366,11213,117,85
47565,9439,48,26
173609,14754,106,1
141671,9259,86,75
87109,11404,15,14
75707,9889,31,2
203069,1920,123,6
92887,16412,143,83
123081,10509,158,146
133733,1260,58,43
14578,5556,76,57
97726,9482,71,66
31323,4035,107,93
148429,15701,148,80
70461,6360,160,76
166046,16083,200,37
133391,13050,113,8
152306,5570,12,1
131191,15597,54,29
197116,10056,152,49
61288,11799,118,22
42557,16348,166,146
75910,17240,178,17
168893,11405,188,12
59467,9496,13,3
140807,11498,171,61
167540,16201,86,53
159472,3987,181,45
63843,14370,107,15
151104,7717,5,1
122933,17613,163,93
80707,16591,97,22
107009,10882,49,15
120746,9160,154,43
7562,4024,184,160
159389,5601,121,16
34857,14749,164,149
196421,13552,130,104
139856,1514,113,37
65341,2144,200,162
42929,9736,24,23
35825,8212,173,125
184718,7224,186,27
80597,17518,101,15
25822,444,131,73
179094,7055,24,22
194424,9602,37,1
33436,6605,64,41
60544,6438,86,22
84691,5848,39,16
199198,13033,25,1
154210,16892,76,20
51341,1591,151,125
156380,8269,158,56
134307,8701,187,162
159849,14965,130,45
65735,7969,145,123
200571,3745,194,67
10534,12420,159,34
76401,2493,71,11
48564,2873,96,58
120016,11236,23,19
51178,1741,102,66
48735,5321,174,69
47941,9668,193,23
152886,16926,85,21
42921,15897,133,37
135615,13407,138,2
103147,8271,82,19
48921,13863,43,41
69288,1605,29,9
114019,2677,197,38
151225,13824,19,9
54658,3574,109,88
153153,17355,105,28
28813,4487,121,83
18619,7567,23,14
166571,6850,75,42
88314,9315,67,36
198093,15534,99,83
78737,15719,107,7
98750,316,30,15
194459,260,139,40
113812,8352,156,148
112382,1225,126,1
204758,17706,41,12
36193,892,30,28
98246,12879,101,82
18189,15597,36,7
58334,5902,148,107
173401,528,56,19
77348,1663,98,11
204994,17053,3,2
122937,12419,138,66
34657,13968,41,30
5133,15032,52,20
68094,1157,58,30
30544,2693,185,103
85931,8047,128,117
26051,3939,136,83
171153,4337,33,16
54941,3845,150,78
88008,5900,36,28
142814,1811,133,52
205891,13191,24,11
191467,429,1,1
131497,8478,169,155
185709,9483,147,46
205268,8953,79,35
40327,10782,181,50
68690,10660,131,77
25718,5831,123,68
75210,17558,196,65
101633,14828,98,78
187725,17205,143,73
83785,16501,118,45
6627,12229,179,117
25984,283,85,42
170951,15068,187,87
21440,13070,77,46
187401,624,98,70
161459,2736,186,46
205281,7424,117,116
2078,7996,151,1
149291,5231,151,121
187178,12544,169,85
139649,16523,15,10
33436,8675,158,10
8448,16324,2,2
57377,4629,192,39
36540,10728,45,15
188639,14700,92,53
98480,16784,4,0
175463,1109,5,0
187646,11540,150,29
48654,5152,34,3
89136,5966,142,99
81797,8088,12,5
114616,12992,62,31
85860,3323,57,48
96965,13145,5,5
49699,8432,140,72
65679,1285,57,21
99334,4508,181,90
60425,1823,61,12
115280,8497,161,140
32968,2074,31,24
161713,8300,145,58
45456,5710,85,6
159185,14988,61,19
90297,3555,35,31
25093,5914,32,6
152976,11635,74,60
54140,2545,59,10
31623,1016,117,20
16990,11223,82,75
53967,12624,17,1
142535,9259,90,85
19616,9452,151,102
33977,14843,129,24
45186,107,55,5
178596,2562,28,22
205608,14026,98,67
139192,16385,42,15
86673,9718,56,48
85993,7386,46,30
24098,9115,127,6
142485,4298,142,96
143905,15296,131,56
119750,10274,187,128
168675,10971,64,0
157167,99,161,68
197020,9746,20,10
35310,4166,112,65
23335,1248,128,58
16541,3109,52,31
84144,4890,7,5
38670,15224,47,29
185826,4904,129,25
58610,5815,72,35
149385,3427,11,3
32887,8485,0,0
182100,8512,31,10
67132,17265,200,125
177488,4029,24,6
15442,1943,70,44
110840,5845,152,41
168158,16330,35,15
57383,14951,175,144
16297,6822,108,70
161567,15392,100,33
92589,1121,25,1
162487,8643,31,17
153222,6888,118,31
21378,16477,33,25
77166,715,102,6
77628,5933,119,77
139174,9357,168,103
131803,11178,52,50
35968,13039,24,8
124776,16538,13,1
124752,16549,160,87
98486,11396,47,16
162400,12476,177,12
189577,6713,124,11
79184,13616,36,8
166488,6796,77,14
35931,7652,83,59
81079,16809,120,20
1997,1336,190,72
126521,1302,40,12
85826,12260,31,31
137317,16729,103,64
117096,2222,64,63
87762,12169,97,32
124532,12218,144,109
143379,14184,178,38
188577,17971,25,11
13919,9228,31,18
182214,16309,8,5
8771,15116,88,21
89268,7267,69,62
178775,5080,108,13
199294,7642,152,13
27739,17806,32,23
182794,16917,84,46
99660,3170,139,132
42263,7224,30,23
93728,9254,124,39
106345,12430,64,36
162575,2507,101,38
163624,5528,9,0
152151,12551,90,12
6847,17001,165,23
53339,8053,122,48
131437,300,175,38
173369,11888,198,150
133068,8165,15,2
135521,1067,151,85
155190,9162,175,88
181119,13457,44,17
141296,15071,7,4
63867,13389,181,83
170435,10357,51,43
40114,11349,110,89
107643,3780,159,3
128713,6231,199,159
201079,8170,27,12
53434,15112,123,36
142252,8130,97,74
99849,15810,122,74
200204,5949,145,62
96013,16658,13,8
37874,11458,123,40
193405,6028,7,6
129024,11850,10,2
15262,6078,4,0
77726,12228,82,45
348,2469,172,62
68892,2908,200,15
69837,1844,41,16
100828,10312,134,44
10671,11943,197,70
134595,1748,4,3
34521,8504,128,63
52683,15239,135,28
118552,12382,193,29
100880,7824,75,5
30721,17396,200,14
58857,4873,65,53
110662,17732,97,18
110322,15712,150,101
62668,6591,89,54
25269,12819,116,92
72441,12313,2,2
116423,3897,175,108
196694,833,28,15
29756,4747,168,85
144724,9941,140,0
24776,7752,190,172
63397,2304,52,46
15370,217,22,6
148228,3643,186,8
164077,12375,155,61
137389,7863,181,154
50068,3637,141,95
62539,14836,8,5
88666,15520,141,109
146257,17767,26,14
72877,3059,59,57
178288,10321,74,61
19498,13008,52,36
167423,11265,87,50
93558,12062,118,64
163865,9228,1,0
436,14366,109,40
95310,1058,27,24
131738,299,197,39
138044,10743,112,17
196118,10245,143,104
16479,12750,172,62
181885,16624,74,67
190343,15559,55,41
183771,6880,61,28
36856,282,12,4
117205,12049,94,38
32807,15238,5,2
97342,6946,92,43
172374,15640,121,73
136355,6914,112,5
190296,6173,130,77
138555,5875,32,19
184807,8588,167,71
47768,5529,181,134
201606,12766,106,39
42208,6500,1,1
183699,11256,200,183
111572,4950,64,62
26732,14575,174,38
199259,1527,154,26
42165,9597,35,0
120516,6116,90,26
137871,2817,177,135
151855,12928,12,8
155437,11470,114,5
51446,11050,137,57
25101,3282,90,43
167554,176,75,1
38313,7121,121,4
158062,6681,96,85
39518,15186,40,12
19897,11510,62,24
111754,5318,186,68
25418,9753,154,43
126833,11289,79,35
21498,1816,192,5
203078,11955,15,3
199676,6771,54,9
130958,4409,130,19
61218,10138,139,56
15182,349,33,23
42223,7374,131,38
170245,2419,13,2
185204,9906,42,42
34554,11310,16,9
92004,10033,90,13
127419,2838,159,32
94290,16516,0,0
26728,1447,16,2
81239,1856,2,1
155235,13022,200,10
172826,4643,111,5
55286,15250,145,27
171016,7828,175,48
8427,761,72,3
93384,1690,194,8
122465,10246,24,17
13452,2829,161,82
118112,1020,87,82
100302,11282,134,90
140329,16131,71,23
29053,11199,190,151
157904,5376,51,48
99551,3357,98,50
81239,11092,141,0
183421,2273,154,105
187356,1944,145,75
110933,16061,188,165
52096,499,5,0
66326,7627,93,25
107567,12209,77,6
172636,110,93,41
144901,13682,154,141
188139,10722,31,22
29763,11067,73,63
38849,14989,73,16
68112,2574,147,38
203693,5589,35,32
43829,5346,37,6
130401,3075,40,27
90659,10891,31,13
7537,6778,37,9
157725,10134,188,7
137767,11223,125,47
119790,7549,108,18
99626,11856,131,96
21507,13456,124,102
147608,6570,156,3
121136,2171,116,7
138044,4866,73,47
134012,7451,59,31
202093,3568,57,32
127599,10870,68,42
9389,17837,54,12
20455,6313,3,1
139950,988,57,7
192579,7970,61,12
54921,5222,112,37
48643,7133,114,91
100980,15699,197,173
107276,10410,106,103
100323,17463,88,1
2020,9521,145,108
20219,3426,88,80
176278,13068,30,22
78524,12108,6,5
68835,2050,24,16
6913,9259,144,51
191929,9500,22,0
14896,2618,65,26
37189,10146,157,60
82668,8869,42,28
181675,7208,54,24
38277,1851,31,26
5494,17640,33,0
129414,14277,1,1
156050,10656,171,31
66983,2516,27,12
176800,7409,138,3
69288,4877,81,32
112106,5891,115,90
154248,14790,59,6
26875,17052,20,17
68952,2100,144,46
108343,1626,38,18
35350,7007,40,5
69014,11226,6,5
54954,3077,161,106
199356,5909,165,1
156440,14630,37,34
177873,3677,65,8
164013,1225,40,22
175982,10502,56,38
142815,17589,35,32
96137,17652,102,19
133293,2972,21,6
137005,8811,126,119
148244,13457,129,6
118210,10903,62,47
58101,3753,92,24
29972,16113,78,72
142516,7934,160,74
196362,11013,27,25
68870,9568,167,60
75083,8082,175,73
189382,16957,129,50
66248,13251,144,132
34492,2661,142,129
56660,8239,85,72
10072,389,123,50
191535,12809,103,98
155783,9042,180,102
6693,13667,160,52
205637,17683,63,16
128911,12561,117,32
14576,6941,126,3
117096,13078,169,73
41085,12651,145,81
49309,15113,190,170
29783,16353,117,9
87126,9629,23,1
28399,5872,113,100
165522,12115,0,0
51834,1214,19,17
98389,3595,112,7
51536,3254,82,50
13226,17277,160,62
129200,16013,20,0
182163,8846,145,80
54804,17105,173,101
90655,6910,120,79
70346,17525,192,61
29573,7960,33,31
163600,6164,96,96
89765,798,127,81
144133,4704,140,53
135822,7525,142,117
165868,3785,162,43
169550,3189,101,97
89148,9222,31,22
84062,2251,47,10
137698,52,42,16
57792,8587,27,1
49900,15536,170,142
129717,13872,134,17
156234,1270,48,39
50302,47,26,13
198161,17235,55,49
1603,13374,132,49
122683,10250,39,32
143213,2737,36,1
198740,15134,130,84
188886,7098,130,74
60092,11913,76,48
30409,5059,90,11
127755,6666,90,63
51107,6158,173,163
16316,11079,195,20
191356,17208,99,27
97619,17826,35,24
3973,17272,142,26
66690,12861,167,92
167484,12111,171,82
151583,6981,52,15
146844,14579,197,83
92786,11244,64,43
111486,17052,120,4
83776,3914,193,132
165769,8549,134,102
181035,16804,174,57
110503,1208,131,90
158408,13359,150,41
39847,9490,113,21
99832,10984,73,61
108117,13336,186,34
181695,11279,171,48
7015,8070,33,16
180620,16007,44,27
120517,7304,174,152
145097,10008,11,8
170327,15979,142,100
182931,13252,79,78
26998,7180,96,66
25573,10645,181,13
95920,15766,173,156
159005,11268,47,36
186329,6933,152,34
190719,1480,140,76
187183,12860,122,118
48122,9485,188,59
131945,13976,171,75
165839,4519,13,13
6965,3650,196,139
68251,16540,66,61
190969,12534,56,17
76397,9690,131,48
73858,908,122,64
33796,14156,109,32
110971,6633,88,19
11025,16222,99,45
107234,1831,95,77
119790,2715,127,3
84454,4292,154,46
84566,10958,122,102
76462,2052,200,42
62223,2157,131,100
184501,11600,113,17
156531,15010,168,162
124083,6338,130,112
59707,17095,170,156
134007,5373,185,4
191516,5223,75,51
80709,4986,69,42
30960,6514,56,50
137077,12806,129,47
36412,1201,74,9
64756,10407,53,48
122460,14410,54,36
120092,11205,53,31
109633,6702,75,3
5498,3675,59,35
110480,13010,84,70
141816,14541,32,12
70561,9336,145,136
69637,16495,164,56
26127,10422,5,5
141283,13138,98,14
113396,16658,34,33
112669,449,10,2
189234,12871,0,0
17811,7796,188,48
93770,11947,34,30
184547,16040,151,48
140668,16360,144,37
169795,11005,64,64
80709,14744,1,0
32383,4125,65,24
7223,3547,14,5
194494,16206,57,19
127555,7934,35,32
123502,9407,109,84
72025,1812,63,21
78122,16617,18,8
95858,1416,4,1
11570,5406,43,16
45937,4803,54,7
61761,998,150,20
2965,15958,103,60
49309,6017,56,46
205238,1977,53,27
93617,17483,23,13
59883,8180,163,159
167770,13033,44,22
65687,16468,63,23
69172,11131,53,44
10851,5813,6,5
6165,7058,28,12
48861,3676,129,25
184996,11619,102,34
35483,9610,174,72
139281,13108,109,0
38229,16258,193,56
56315,12855,172,138
48564,17514,56,39
26107,9248,46,16
171570,4819,185,24
28745,10733,179,173
65287,3041,140,130
22287,7332,100,13
116928,4120,195,61
51832,8875,142,76
74991,10032,117,101
78122,11187,150,50
73615,8839,62,16
82902,628,148,70
81299,17486,197,49
64169,10735,35,21
47358,16555,24,18
179480,4662,175,161
87909,6878,87,75
78139,11448,43,40
119983,8737,37,13
124638,1247,181,28
132607,665,7,4
16292,3413,13,10
174075,1076,99,46
191929,2169,38,22
174335,9476,182,19
148191,16347,124,34
55698,5534,154,130
42223,5834,189,110
154868,3269,44,40
23384,14775,184,17
26305,17241,104,8
195438,15388,64,11
110409,15885,126,70
167290,7724,145,29
206024,8491,156,121
26098,10670,46,15
2389,5856,191,104
155754,5930,127,116
171250,17406,61,25
41272,13992,86,80
20024,14921,64,45
101476,3196,130,49
98738,15629,2,0
140412,12515,114,27
10405,11441,91,64
167302,10608,91,36
99441,8571,0,0
2266,15912,108,82
32893,14445,66,66
49092,8613,162,156
5800,1874,2,2
144089,8650,30,29
85139,1047,22,15
108799,14632,85,50
8349,10516,57,42
54166,17124,132,105
143993,2040,127,44
184135,17876,84,75
43776,2963,128,80
157642,10848,80,9
179944,16407,118,67
173918,13153,112,68
49136,3580,73,33
159744,3932,190,4
34554,14450,89,4
159754,1206,191,181
149003,2974,157,59
116719,13043,11,5
168976,17045,102,89
29376,14644,78,9
23894,5633,193,38
154265,2984,83,3
28185,14149,60,24
4730,10735,136,81
94064,13790,113,6
170521,12203,123,5
1481,12843,95,55
3115,11363,42,12
18149,5055,51,39
36187,9158,28,28
126521,3308,108,76
68742,12052,36,16
202492,11562,33,20
70938,2128,162,98
195356,13461,4,4
7227,16274,91,22
85364,4498,41,18
37333,9372,146,94
78415,13482,63,38
138776,3525,180,38
47208,14616,119,46
104116,10767,192,110
119307,1655,174,63
190343,1941,123,82
44470,15877,72,57
150644,11057,98,73
110568,53,199,2
156755,161,149,36
200549,8278,191,24
30859,10440,10,8
13031,8796,143,54
126762,4576,39,8
93757,438,185,86
96813,17068,142,49
9308,4726,108,94
29989,14436,89,60
26970,8496,191,37
186810,17881,23,14
3354,14723,120,118
76036,5543,180,154
179483,14775,66,54
78745,1797,180,56
83962,14633,96,35
58244,7979,114,15
67024,6227,96,84
146585,17999,125,31
187037,15894,149,90
87528,11958,15,3
111414,11006,52,10
68924,4391,5,3
167302,4277,26,14
140581,13244,111,14
89893,10397,103,48
75106,4950,63,10
77953,6878,122,14
175463,14046,54,43
128354,15637,175,99
44168,16593,156,46
133396,1550,68,36
55076,14995,195,113
13403,7348,174,149
120516,2588,172,16
44616,1952,72,27
198485,14489,78,69
13428,14491,80,77
3017,61,171,24
50551,7048,17,2
53659,2942,156,92
14467,14964,61,56
133716,6072,98,88
33877,5079,87,85
121788,11804,116,14
67765,6130,176,73
179908,15277,136,135
169213,16728,86,33
183264,15979,134,100
163764,3930,169,97
9162,3313,29,28
179508,4418,45,34
143768,12160,165,6
100605,3532,90,22
84436,777,176,166
144474,6230,19,14
92615,6137,41,24
84880,14763,27,16
4627,931,93,46
112884,8850,91,25
175958,1676,135,33
107742,10617,116,42
32626,16094,66,45
158945,6412,148,53
157826,3399,185,47
68820,16749,176,13
105543,13934,74,30
30409,11487,40,30
130992,6371,106,15
125133,7660,163,36
51730,12283,182,138
52766,2448,162,33
123285,3767,140,95
64079,15922,42,12
132918,7370,147,84
42705,9780,75,71
173797,11266,137,124
184841,7289,176,143
79762,12613,28,9
134012,8368,182,26
86263,17117,64,26
65059,2241,111,30
136845,7404,194,8
185816,11539,36,16
112349,13737,107,39
148254,9088,140,84
151707,15637,49,36
178152,17563,180,142
110033,1948,31,9
40088,17895,93,29
185467,10475,102,72
179955,5778,2,1
178299,3525,192,133
12973,14128,178,145
183925,5170,155,95
107517,12100,151,40
76297,6627,140,10
46719,8881,163,40
150038,13327,7,2
97224,10250,179,78
87002,3375,4,2
25664,3279,108,74
109364,4486,132,17
167287,11217,10,10
77558,10565,54,34
182315,4313,182,164
91544,6264,127,95
138401,7047,64,10
99968,4353,106,45
57564,15155,35,22
28039,16824,129,32
123039,627,54,21
124103,1535,200,97
159855,5202,141,134
72853,10593,34,27
99375,14164,0,0
157591,6801,156,11
103796,14804,89,14
166746,5887,181,144
11712,2270,107,59
73407,8721,61,43
43744,1832,90,27
129477,7864,169,37
154387,1645,67,36
163650,7200,160,85
183989,11329,138,125
10097,13288,40,29
79949,727,171,103
37660,3513,185,138
195025,5704,142,106
24583,6788,105,83
65530,2127,200,154
86295,16099,24,8
131358,16565,149,32
25374,16917,162,150
22690,2986,141,96
68918,10212,92,20
202966,8383,190,54
200602,4513,65,27
1524,8811,45,15
132631,13012,96,76
93613,7983,169,169
119484,12010,73,32
34831,13123,33,13
87556,13622,33,7
85006,10122,153,78
7110,10753,137,121
81453,1459,35,0
61502,17957,109,38
117363,15370,118,64
14730,10318,158,144
42852,5464,141,58
196600,29,164,10
5548,16717,53,26
146165,9746,137,131
144395,11357,169,99
10417,6210,150,130
179802,6409,6,3
101496,8909,94,15
96127,9489,97,39
8930,11138,30,30
199811,10337,22,21
200597,1303,11,4
76496,12644,17,1
399,13782,109,109
49942,9447,152,138
15113,17118,136,130
191084,16041,110,3
198985,10356,70,70
133433,15437,14,12
173824,10273,103,103
165484,13206,179,144
19297,12501,155,37
134946,12962,108,9
77259,8790,72,21
95101,13662,91,34
142646,16007,168,45
93349,10669,72,52
35109,15682,185,80
203686,6159,159,43
195053,12948,196,74
61287,11536,63,21
139245,15781,186,174
163827,7548,54,42
57882,12987,62,45
95959,13210,169,35
34493,5042,191,162
51152,6184,91,62
55894,10259,182,179
35458,17825,100,63
129105,13031,91,90
37623,10182,129,90
180673,11539,1,0
155145,5631,137,116
167392,5113,100,69
1628,8107,191,121
120825,17543,26,4
170736,16672,194,0
163556,10480,131,65
113300,2362,81,64
39406,9917,20,16
24094,11404,177,69
80671,16224,133,15
52602,11241,40,29
169666,1221,104,40
52766,17859,172,73
61787,8845,75,55
177423,13213,16,6
126568,15759,83,5
40375,14302,84,42
57489,14817,14,8
50687,14570,9,0
155787,4285,95,50
100865,7462,138,132
108040,2650,32,1
36457,16338,131,118
182122,11305,166,108
196118,17267,32,2
109070,4040,168,20
32803,13578,2,2
196961,11493,40,6
157789,3927,102,46
119330,3631,36,14
40506,7655,151,88
167554,753,26,23
150468,9143,62,37
61161,5687,85,38
185792,1374,29,11
146518,8666,69,43
181741,9303,190,8
127713,15423,0,0
71154,5982,74,15
12399,1276,165,147
75681,14102,40,22
64367,6397,152,34
65745,9280,94,47
142215,1899,85,33
191356,13219,142,56
20956,8323,5,1
62829,6138,126,18
58647,11466,149,45
185316,16828,85,18
76802,12522,118,52
54591,14493,143,67
6562,10120,143,140
141355,10118,135,70
114959,13539,29,5
84310,16705,172,79
93339,14645,8,8
168970,13539,151,140
102375,16927,159,5
186048,2215,193,177
72375,2188,9,8
80671,2478,76,32
17618,4025,133,123
58647,12951,31,17
83004,10945,61,21
112499,14634,56,5
166303,10448,17,12
163941,12893,4,0
96754,16226,115,78
102466,3675,66,22
192220,10993,103,80
153492,17853,26,8
106858,6918,13,4
91690,12123,88,49
4051,16331,120,48
121765,6769,24,14
91477,237,67,10
97597,2634,7,5
164104,2295,86,26
25295,11624,170,97
95431,2347,174,51
133266,13891,68,12
103926,602,3,3
20708,5221,36,13
76734,2989,188,107
5041,10353,10,10
73722,997,159,102
17679,1296,83,48
153771,9773,143,64
195873,5630,15,11
71827,17102,118,30
74608,2805,68,39
193946,228,160,99
87277,17387,98,21
130150,4292,24,10
2416,13956,131,25
165252,3663,190,15
147618,4187,46,44
96520,16668,134,32
166663,14695,100,36
72605,15502,36,36
21846,13759,56,13
140053,15754,127,72
155713,8847,31,10
1919,3668,182,168
46502,7838,133,127
52697,10189,167,5
186981,1934,77,34
128632,378,35,26
106085,9921,186,132
94028,15570,195,161
74715,8116,112,87
32078,2248,6,4
124676,11762,196,151
166631,11607,91,6
49987,14540,151,118
161249,6096,50,6
18038,15752,139,68
23917,5587,77,31
140621,5283,59,49
57124,11016,150,25
57521,17809,42,10
205455,3564,21,18
167029,2385,179,13
134622,12456,147,29
58949,13394,54,30
26938,5642,144,25
72270,12473,6,5
135212,1015,111,61
169538,17597,73,52
179040,15402,96,20
159199,1128,115,114
53670,10387,129,28
200571,1949,54,7
89148,16107,191,114
205788,14816,174,50
159852,12888,24,1
46365,7928,102,57
42827,4315,62,27
145030,10781,82,70
67523,3131,185,135
6479,2332,54,32
278,6422,53,16
100277,12982,63,47
87191,6248,101,35
32807,959,109,44
107335,5194,146,13
179429,13429,2,2
45797,5292,192,169
62702,10084,96,23
129658,15059,181,88
145155,5634,19,1
88004,1675,83,28
26966,15691,192,63
63416,5644,115,72
71314,8373,128,119
140978,1107,126,41
107409,17444,142,25
95140,3678,88,5
105529,14214,185,26
194923,11168,149,130
41064,15477,113,87
108926,3763,194,157
201394,448,43,31
139856,8749,47,13
24282,8674,186,158
127180,4678,74,32
179581,8371,144,101
197702,16504,83,58
71994,6815,121,121
37641,11629,21,7
37947,11638,15,15
193998,6441,67,1
175982,5197,37,28
131809,9438,100,78
14006,13894,32,14
143391,14619,50,41
135003,8709,4,0
38224,13693,161,29
61937,10140,4,0
66708,15720,10,9
46548,6965,1,0
159775,13291,113,20
166041,16916,139,4
152458,6486,171,63
110280,637,120,34
81783,2454,1,0
79203,7662,147,73
24282,14823,39,8
105163,17695,124,64
20198,16921,163,4
108686,7854,168,114
152860,8145,144,27
138380,1493,43,24
195600,11457,144,13
38200,16622,35,0
199120,1049,12,2
5380,5898,51,48
74718,2671,41,22
200357,3591,131,25
189592,15614,22,4
65362,16183,54,50
28871,13834,49,16
63449,16023,166,50
84786,6614,51,40
119522,16796,117,87
9741,9415,23,18
167238,12676,106,74
118804,10387,93,7
66344,1295,50,35
115360,4782,19,12
138741,13288,87,20
201954,1225,46,45
21612,1365,63,21
32367,8735,200,76
75101,10827,20,17
114774,600,103,78
128812,7484,43,8
130095,9622,7,6
160329,17064,189,49
118483,7352,174,55
53875,3027,107,17
202600,1875,127,85
16253,4113,131,84
135628,15122,91,26
31782,16453,154,132
75272,13988,81,47
32482,12942,123,69
146322,7235,56,13
53473,5327,179,58
159792,9793,84,81
194619,4546,150,127
54631,6406,123,4
125735,13777,104,68
181716,2318,181,167
126023,8930,176,47
832,15688,18,11
133846,13641,68,26
23023,9969,0,0
203654,13860,146,62
46467,7059,142,63
120351,9583,149,0
42563,17979,141,36
205541,15543,34,22
57210,5577,50,11
106215,7336,106,61
204033,13995,179,57
75357,11095,44,21
97359,12433,175,51
75071,3685,138,97
89540,17143,84,30
153812,8782,78,78
101277,10416,11,0
181959,15408,175,126
134583,8719,96,2
15909,233,97,42
79510,16241,103,91
167064,10863,133,33
18954,3378,138,120
186726,12055,172,139
148400,13571,176,39
184299,13108,41,26
122503,6801,71,22
151517,6600,161,124
123395,2923,83,61
152482,2687,180,102
159016,12131,11,4
198161,10256,87,48
178592,5233,60,45
99012,1639,189,22
13930,4859,149,60
154112,5405,36,10
181071,14369,118,78
191782,3205,84,72
5214,12057,21,0
22634,2669,160,140
72747,9662,124,6
9435,6926,83,12
149860,9077,87,73
135744,5981,35,34
85614,4243,44,12
76252,8322,78,38
22332,11736,52,12
57117,4842,42,22
47853,2691,38,4
183162,14239,146,111
132414,5258,111,90
78225,6259,194,185
155093,10238,119,59
28641,15470,16,4
65738,4073,28,14
107409,17714,80,50
6104,8589,46,4
131925,2225,109,95
135947,6422,175,7
27727,7318,81,14
79631,11594,200,167
196435,3617,73,54
154592,308,4,4
192372,3672,44,18
86419,11721,184,138
113143,6808,1,1
37745,16931,101,96
93313,15250,95,11
192047,11682,176,129
143951,15313,133,62
150609,15242,145,31
165036,3061,106,34
167252,17012,46,4
181197,17189,189,10
43520,6649,86,12
85757,10560,127,52
161567,35,198,142
41307,2054,192,155
182483,10675,33,12
28946,10283,168,135
69317,13521,30,15
56347,10916,30,1
91414,4100,16,4
37458,8508,37,6
110678,7476,55,38
165428,13012,58,25
170732,213,113,51
198729,6205,92,37
38479,6439,156,87
118788,14675,152,87
30741,6980,1,1
16872,13525,173,154
25418,6296,102,90
60888,15817,108,104
37572,12782,131,95
3361,10310,6,2
66772,12681,109,105
157202,13029,51,32
27558,17925,124,61
33861,9698,159,107
46177,12588,27,2
44778,4593,156,118
72875,10135,125,61
132968,4873,82,29
203069,14283,31,30
74947,2580,134,82
195981,9526,79,35
119236,4536,177,79
47750,12536,193,169
72441,15167,168,19
17040,343,24,6
162484,209,161,28
90504,6642,147,107
152886,4229,150,31
173744,14951,88,15
177108,11800,185,148
108886,3668,145,61
136278,5548,131,73
173552,7073,193,53
73807,10971,168,2
186623,15517,41,3
14343,4631,184,127
4150,2478,27,1
103324,10215,113,91
18003,8520,186,123
121193,17836,57,1
200867,3398,68,58
177315,13207,84,7
122709,5932,16,12
118923,11196,33,24
119173,2658,50,37
130650,11159,69,12
101800,13098,72,46
132111,3055,86,49
123170,1366,153,71
33877,3090,169,100
76338,2256,108,5
936,13547,161,13
47509,16501,111,107
157570,1941,138,13
197419,11729,18,14
190991,1419,59,43
70319,6660,195,40
108046,7467,94,72
7135,9413,32,7
125754,17489,77,47
172072,17939,189,189
22140,14011,38,12
167540,8692,167,35
100567,11328,152,1
181254,15396,96,41
171126,6489,19,2
110097,8262,106,105
58837,16682,47,36
177285,13406,186,185
73605,1047,179,73
75357,16273,118,26
125710,13030,171,32
41465,7006,125,124
122992,6430,191,40
58147,3872,34,24
63555,11689,99,82
55076,4575,150,107
174909,11797,22,20
23791,16097,162,9
179027,6386,180,111
19727,1664,47,32
67763,713,116,57
71073,15703,62,13
133778,6250,2,2
191081,204,29,3
197317,2311,99,41
200732,13372,66,8
120907,9686,112,78
87035,14927,9,2
34252,6551,67,2
102813,258,183,113
173036,6243,42,12
119263,10947,170,81
166439,175,155,25
154414,16468,194,155
205157,4816,121,71
102549,4798,152,107
44168,1798,84,74
148537,13455,98,70
44825,17445,68,40
201862,9097,23,13
144867,8241,130,12
70096,2921,74,39
63555,12885,165,137
61502,1048,31,25
160466,15261,190,17
79832,7891,1,1
186074,16595,82,67
40849,2197,58,17
73697,616,150,66
35995,11565,162,65
21762,12647,47,10
2327,8962,104,9
108433,5475,94,68
126117,16280,200,79
131594,15374,180,126
114493,4059,52,19
91656,10893,114,55
192876,4572,130,120
199497,9596,75,54
117878,12686,149,11
159481,7984,126,119
37527,8383,101,29
143789,5840,135,15
58008,3013,44,42
89079,1410,182,17
78242,6110,198,37
178229,11325,111,59
98434,2361,131,113
199811,9100,94,52
57480,4386,41,17
182152,9174,81,20
36743,5793,153,52
50816,3577,62,34
202060,16920,63,36
142363,461,13,0
203361,10418,174,17
196362,10125,144,101
143635,8852,188,124
39581,2895,23,19
172850,1610,136,60
18329,2398,57,20
145660,5926,183,61
177581,13502,38,34
18855,8754,144,63
150147,7494,56,19
163281,10433,26,5
115959,4883,25,18
19846,12853,153,123
18676,5936,61,16
195225,13593,176,99
154065,16319,136,65
99615,9832,101,11
99026,5149,139,45
141943,196,87,38
116838,8432,190,185
18816,12528,159,129
71147,4728,199,156
8765,14544,181,103
114326,12864,181,107
30281,8210,35,20
52533,14563,117,55
167529,567,68,45
145155,4528,16,9
141861,4970,107,43
126995,1031,98,45
52393,11692,105,9
94446,2881,18,18
39006,14803,172,43
177163,3966,136,115
40849,16669,127,49
159025,13283,33,9
11301,4328,182,177
184547,13394,113,95
68131,12991,0,0
169844,3960,167,122
136732,9065,129,123
74962,12103,133,118
79373,2916,182,91
31717,5551,150,56
87126,2198,199,98
25255,15457,160,142
131308,15596,0,0
158921,8135,87,5
41799,342,73,48
195367,228,196,115
176086,190,156,30
72268,15678,2,2
140034,4894,168,110
195025,968,166,60
89468,9235,171,76
25309,3393,110,79
103811,6871,168,137
90988,13668,182,34
399,10337,154,80
171230,11344,185,124
37775,6906,49,17
203034,15034,195,4
95717,10205,165,148
105178,11795,93,46
12519,528,37,4
7651,10740,38,33
103040,11947,135,42
20863,13621,73,46
174567,8464,69,36
99821,9681,130,54
61259,6769,168,157
35537,10077,125,34
22732,13262,180,91
156681,9344,110,5
106898,9778,161,137
176961,3796,58,20
187310,12444,113,21
168367,16085,13,7
116025,2366,94,80
206054,3319,38,11
197404,72,171,15
13366,6911,186,76
59197,4410,166,60
168625,6086,58,5
162949,3663,6,2
29507,17496,12,3
124660,13829,179,141
86845,8557,180,8
47394,4480,15,3
74444,9727,28,3
42459,6759,16,12
30464,1335,74,0
47358,15493,157,59
169967,15372,158,149
32995,3726,170,93
91490,16082,125,0
33728,106,101,44
119690,7402,4,4
50264,16163,35,10
43890,5505,103,61
205768,13854,30,17
106115,11025,7,4
113704,15162,18,2
198220,8403,24,18
14909,4249,65,43
1721,11770,168,139
169840,2468,47,17
205794,11427,130,129
74843,9006,167,104
118296,951,94,6
167557,1009,68,6
125917,15895,79,39
36645,2552,121,33
148911,16250,89,47
32970,15221,45,28
143662,7872,99,36
202344,6609,59,3
79762,485,129,77
195367,7708,138,45
1252,11644,162,24
201864,9401,174,82
134429,4598,48,32
101167,15577,184,7
110511,8438,70,26
25531,8940,44,30
159733,10047,127,44
155943,8822,54,40
21002,10467,1,0
124752,6586,55,37
46046,2078,115,54
196118,5871,91,52
29953,1557,110,45
130357,3843,38,16
128725,17052,30,7
160258,14359,12,4
88164,4837,126,6
149248,15950,188,170
71432,347,37,3
148447,5803,162,87
144105,226,18,11
20087,14600,16,15
149027,9081,189,77
127766,3318,145,59
175766,3301,157,53
12874,15935,2,0
22570,2986,69,6
4447,5912,170,144
137490,3177,63,0
197380,5474,64,50
20076,7922,0,0
183256,16879,182,88
79943,9536,29,1
144395,5684,48,34
181992,16813,60,34
106221,8737,12,8
182856,17956,25,10
158030,15234,72,48
14342,9996,159,70
63515,16929,44,34
20063,6871,47,12
138024,11525,173,142
129758,525,156,152
142362,11531,130,38
1164,13777,32,29
193730,4934,48,26
1600,727,133,94
34779,4456,166,41
132863,17941,12,2
149379,10334,188,164
193493,13614,76,26
17342,1165,95,75
158275,16710,48,36
118106,2891,67,34
172781,6776,37,32
23293,9481,73,8
163047,17983,127,90
132968,2603,46,28
154275,13097,102,50
149291,11445,58,0
5029,7204,156,144
80557,9981,31,3
30741,14996,181,139
61691,11018,187,38
64769,16362,124,114
36964,2337,75,12
161041,5681,86,81
88968,15524,170,63
38894,3112,188,130
8561,5307,110,44
37912,3913,3,2
143899,6719,184,138
16837,2471,168,62
171675,10571,153,8
97127,9204,143,112
91524,12809,8,7
149564,862,146,41
17992,13832,87,34
95074,5212,58,57
94009,9875,200,138
29253,5216,60,24
114232,5984,110,38
104906,12532,146,47
58974,7918,135,68
30721,13877,196,156
62934,2481,189,76
87780,8276,126,102
15349,3547,55,9
67722,9286,157,30
129774,6494,65,40
153500,1065,26,2
52128,13027,66,62
49155,8676,156,144
171745,3158,1,1
39640,10048,151,5
174157,15174,146,82
573,10802,43,30
17976,9958,187,130
9267,8583,151,148
2217,6967,52,7
45167,15653,104,99
186354,16946,39,26
136171,13827,152,129
88843,12216,35,2
123894,16108,59,57
142805,4581,118,24
51243,17670,65,26
29759,176,122,89
184217,5918,173,98
106475,17736,173,0
165525,7104,111,26
141640,14175,26,9
204634,9247,170,7
141175,10825,9,4
164104,13987,134,46
199365,1544,129,108
193437,12735,11,5
65553,8854,129,48
39472,6704,8,1
174456,7296,47,2
83031,4424,188,181
50816,1226,125,74
198161,14167,130,30
21060,8690,46,33
25040,3717,139,101
102882,17054,117,8
78868,10756,37,25
118194,10979,82,69
57154,13886,154,94
91600,1469,100,93
135707,2414,41,41
203193,7837,185,66
15931,1600,190,62
191212,7326,103,29
57698,14001,176,7
113880,8080,103,8
91552,3532,121,65
146715,10025,125,64
177742,11349,109,23
174311,11020,30,21
195293,12141,35,18
96612,2569,197,168
190969,985,23,7
91350,11221,155,23
103026,15827,63,7
191969,239,10,6
60952,11058,76,43
133351,2845,105,32
170804,13908,197,39
65837,9177,80,79
141484,12425,92,86
182916,10004,34,22
170732,2553,110,81
125118,3676,100,93
104877,1495,107,60
164903,13554,161,25
118296,7506,88,78
73786,2830,23,16
92825,9125,12,1
199713,11180,46,15
57729,419,142,74
10318,2006,153,42
19667,3452,117,65
125161,14808,80,54
136501,2666,175,165
51300,13374,60,37
80979,2379,15,3
93613,11283,84,32
133070,10172,91,71
155145,9110,55,27
129712,10249,133,91
5820,7829,58,43
194232,16425,101,96
165153,11157,53,3
17324,10396,195,85
111302,14556,179,47
190436,16399,26,20
25575,17247,90,7
121646,2122,45,44
79425,10983,177,61
113632,4680,157,2
193565,13058,146,46
174536,14468,166,29
116965,3694,5,1
171874,10761,49,19
181423,635,63,28
19245,7511,136,64
70253,4506,33,21
4242,2142,154,130
131170,8494,11,11
8918,2519,172,44
50042,610,184,69
151517,11757,143,124
145520,16965,47,47
37420,7211,199,181
174922,10422,3,2
84330,6055,43,33
118927,17931,188,175
145618,16006,165,12
59909,6475,30,20
100864,8664,110,2
128581,13922,158,127
192920,12778,144,53
24516,17451,54,14
131304,11302,60,58
78962,13507,68,8
172764,15950,24,14
112583,10690,98,98
195965,16349,85,37
195554,6550,1,0
28399,9917,38,2
16702,5265,126,95
96728,6410,152,7
28099,6800,169,98
177735,13104,107,39
177787,1405,139,64
76297,11191,4,2
1356,15241,64,13
190270,10240,108,15
144990,17768,16,7
112305,16862,74,37
72039,7627,31,28
21070,12111,1,0
123315,12820,180,47
87973,17950,73,33
160631,16193,45,32
79436,6164,60,12
9005,11900,166,40
33433,12158,70,64
72877,8896,30,8
4575,2299,45,5
135910,641,64,7
96515,8014,71,10
149837,8151,18,5
8765,11930,163,27
52937,2491,43,4
70066,9671,123,110
27206,6914,189,99
100667,17714,29,7
183096,10181,97,28
100981,13263,29,13
156678,12382,44,6
107438,11047,2,0
78562,12236,148,1
187414,14310,18,9
38178,5010,34,17
167026,3668,143,120
128154,10457,93,30
51178,16950,47,33
9566,15206,155,14
171945,237,9,6
87002,8506,59,58
162300,16047,121,75
166756,1078,107,103
121246,12385,120,69
95189,163,185,26
17196,251,7,1
107011,4255,128,41
71164,1607,85,19
192279,12994,42,15
204637,9890,95,75
77661,15615,17,4
173325,2085,106,63
63638,11388,163,90
156973,5174,134,8
186532,4322,148,41
99307,14539,62,45
59422,6591,20,13
165514,1997,146,83
102549,10160,11,4
42396,6846,141,105
106309,830,163,155
128495,5066,117,110
123278,8438,31,31
173035,6583,62,53
107072,2599,179,138
22533,12573,106,37
172303,5969,23,8
136219,16280,49,8
60151,9018,83,38
136366,10913,191,159
113745,14247,154,154
134152,2309,50,12
59485,12054,50,30
59817,15275,83,36
76197,7148,14,14
26880,3167,196,106
436,12475,34,0
10357,11668,169,124
200987,14079,106,55
151577,2696,51,16
108537,6700,71,35
104817,5434,106,86
57085,12881,151,21
151356,16536,21,16
149401,11369,20,4
161097,15348,143,48
96247,9744,156,94
57279,14265,118,100
49395,5209,182,12
111310,14253,8,2
154408,4646,41,39
92109,7208,122,104
165219,13908,160,106
124012,8507,126,50
123170,9893,168,109
114639,10724,92,69
84436,7237,149,11
63872,10156,131,26
163835,17301,181,34
183264,11710,135,82
114493,299,47,43
53834,2251,33,33
197473,4872,141,131
203693,6917,68,5
201608,17237,5,4
108345,5927,60,57
114232,5532,27,23
196700,11217,195,65
101346,1599,58,53
174177,15854,35,7
164317,1227,148,38
98081,13758,140,71
85988,9803,1,0
63306,8382,103,34
155066,1726,165,23
160309,4832,90,26
157684,6667,140,95
144045,7605,117,38
68936,8682,199,179
31449,11046,60,5
40867,12730,36,1
107703,11784,160,143
55962,5023,31,22
188089,1623,84,4
156064,4602,47,17
199332,12898,142,25
68892,8655,24,5
191201,14113,31,8
31782,3621,181,129
179955,8445,116,54
98253,4293,49,13
11826,12650,125,75
65708,2592,159,142
26938,5004,18,5
137699,13908,84,54
107600,17284,59,0
43716,7142,141,87
202615,7733,160,79
21312,11616,85,51
2454,13264,26,24
129983,2227,187,75
90086,1454,124,116
189119,706,157,31
27833,3936,158,132
80566,5464,87,11
9804,7197,128,4
126165,10294,166,29
72737,11214,174,81
165428,17322,132,59
45252,11556,146,126
204164,13664,45,1
132233,14073,181,154
201816,12530,104,101
61691,12067,57,4
108794,14221,97,73
139458,14434,165,64
92344,3280,198,122
54668,9283,3,0
10405,1696,84,37
204566,16080,96,11
88311,10090,56,4
150675,4235,102,77
132918,14393,79,73
176695,2016,151,123
40129,2765,128,8
98957,6486,81,52
14707,4536,22,9
38556,9968,180,168
196454,4172,177,54
122255,17210,115,16
138839,5548,56,41
140234,8118,60,4
81039,13394,57,11
68718,13706,139,138
74424,3759,6,1
205213,2471,118,55
169258,6053,172,106
74388,6525,145,73
21762,1366,70,1
7866,1522,78,67
176946,2815,44,14
118069,11707,199,169
92676,1852,189,20
164317,12687,12,0
83168,13596,87,83
15140,10931,131,31
114307,15415,88,13
162417,13737,159,84
202180,13300,132,68
194132,9520,25,9
29445,7689,87,39
164598,15474,11,6
134326,3763,120,70
88058,12866,106,15
9183,12794,17,14
81036,15567,20,1
57507,13622,28,9
91414,1011,38,8
45733,8125,173,142
63942,5864,93,62
94587,9751,50,18
182025,3599,54,47
46636,17444,171,66
187071,1736,138,79
137182,2760,191,120
2982,10777,102,27
121301,6341,161,85
9679,13832,53,16
135080,7979,185,100
128957,1031,183,128
183726,2880,15,13
195610,6007,181,87
48380,11538,158,10
142690,258,84,6
57017,12585,138,27
77932,2442,148,136
5747,11042,83,83
186223,10591,176,145
66739,9909,195,134
154311,10615,30,28
142182,6482,107,37
15113,5808,107,8
142092,8964,27,9
131579,2075,60,27
170299,6006,104,11
115701,12405,18,14
103556,11297,38,37
206054,17352,166,143
74115,4859,120,110
170010,53,7,3
86044,10525,92,67
182634,14716,172,128
97601,16550,32,4
89554,335,16,0
86807,8951,105,2
202856,14246,129,84
160398,15719,183,121
155151,5867,142,21
71958,12425,83,51
101782,16817,108,38
157965,9245,145,32
193794,738,200,144
173407,3215,23,2
45547,12605,7,2
50185,1161,120,77
76326,3984,9,7
125657,17169,84,66
92015,14722,143,142
34571,16496,17,10
15277,16178,16,13
77189,10127,30,12
3339,9553,189,124
135623,6599,190,159
84407,11205,66,35
37013,17619,56,53
124261,8646,15,13
110280,6801,156,119
181546,9299,100,14
115380,13729,149,69
121096,9656,43,42
5313,2479,33,14
508,2995,77,35
199395,13260,2,2
96697,3107,150,32
133800,2027,67,54
31419,15345,117,61
121125,4267,196,45
182303,1751,92,57
99002,12519,180,174
151334,6713,48,4
109821,15952,169,93
152984,7116,149,136
93384,429,25,2
162174,7024,160,156
135991,10301,23,3
108028,3519,20,7
199131,8,110,19
121618,5669,57,54
50851,11053,118,26
104801,13758,82,25
63931,13268,13,6
39192,6998,68,43
145259,6043,190,49
92493,4548,156,106
145135,3194,77,21
5895,6979,20,5
103093,9342,8,1
178012,2859,131,99
100348,2763,6,5
76247,14940,166,140
199005,17624,34,14
124984,9727,136,39
177488,10671,9,5
12161,10675,137,94
154552,12651,104,20
107909,5026,0,0
144105,15371,37,15
27092,11349,155,147
158851,3973,37,37
133009,15029,105,79
109743,4223,111,92
168994,15312,150,63
75184,15433,23,18
19580,9369,175,27
128657,13924,52,9
187109,3450,152,71
142003,7613,180,10
149846,15389,134,78
24585,12362,185,59
65583,11103,85,4
45929,7521,162,138
205747,11388,40,2
92784,14745,42,22
40722,2455,100,44
57326,14761,29,5
32352,4096,108,93
123296,8600,78,45
90188,5742,15,4
30213,5539,146,2
57011,4613,189,113
76772,6018,140,133
165115,3005,17,11
177579,12848,44,43
63992,2762,63,46
109233,3969,129,0
148013,1224,151,54
125844,2230,44,28
186334,7180,176,66
109569,13678,188,89
93447,9768,3,3
86621,9648,38,36
76762,10704,91,17
157212,7943,148,21
14674,10534,191,83
150038,12952,46,13
165680,14226,51,31
179514,17731,42,32
135558,6685,167,90
166571,12520,64,58
24766,15735,58,42
18766,11172,68,3
132549,3311,33,20
127139,4406,188,45
51933,15797,145,21
20198,6315,170,153
6549,6874,142,121
204567,17094,67,48
68592,6756,7,6
24491,9231,199,162
164683,8702,84,42
122794,90,76,38
130724,5116,127,114
189339,15194,153,54
87973,9594,60,8
76002,9101,62,15
193544,7809,106,19
80888,17597,177,139
181356,6889,71,15
196238,4624,102,102
187494,2838,31,3
45880,14541,183,120
172839,2710,15,6
100718,9206,19,17
124328,10663,150,14
27380,2845,50,27
1330,16237,188,62
10074,190,22,17
83217,6956,99,55
181197,231,6,6
3506,12082,79,73
79336,13379,148,46
67520,5435,173,51
94591,7942,184,101
133328,13598,14,1
23614,14437,78,54
107467,1474,77,20
198203,3746,198,133
160428,10001,14,0
72229,8862,16,4
106444,334,120,72
181254,13607,101,79
158643,7013,83,45
189185,12303,10,8
55028,9575,97,87
66370,5723,167,118
10074,10746,77,40
53309,15518,25,19
178479,3057,50,37
170176,17503,197,79
196355,7869,148,135
112545,5759,47,34
74333,12446,120,105
106904,1893,157,62
104001,10831,142,97
204758,2423,50,24
193557,1780,196,98
133509,5052,105,67
203434,10862,55,31
92733,5909,9,7
42350,14191,175,105
194450,4129,20,13
4463,6143,119,50
199870,13750,148,18
147650,7636,200,110
136209,8773,10,8
149128,10498,84,38
141136,3982,75,72
165456,4388,159,40
52464,5627,117,38
16345,11854,90,51
18004,13166,130,107
72111,90,187,40
24358,1463,38,15
8616,16660,178,60
107703,2549,46,20
97877,9940,53,1
162868,3443,169,121
120444,14463,131,29
19968,2880,52,2
170281,590,92,86
139956,11332,57,49
75298,14214,10,3
167463,3658,101,78
161394,5097,48,27
44068,16702,162,128
963,5557,3,2
121770,16137,18,12
182100,10117,166,122
155769,15060,112,3
119374,16103,58,38
139766,16584,44,40
119958,2819,108,50
69168,3565,101,29
127074,16794,103,9
128418,4048,77,59
141415,15008,174,9
166127,1446,139,29
88870,555,44,8
124101,6758,21,19
79293,3755,102,90
67527,285,52,16
181198,4174,59,13
109328,16995,131,49
186180,13755,192,99
48389,9024,13,7
152697,14636,139,92
25923,3082,93,55
202978,2902,184,96
195873,3673,81,75
65324,5874,137,62
18149,9980,79,61
11730,16462,120,2
116025,5910,86,78
112921,13300,153,17
104476,16827,139,64
21096,2048,123,68
26225,13449,68,53
168370,9358,79,9
6721,535,113,74
106089,5355,38,26
198766,6001,122,41
182744,15977,144,39
174247,1602,16,5
52572,15817,159,16
86093,13305,11,10
71629,12581,150,87
157590,4790,69,49
35652,10627,178,113
112821,5147,13,3
3746,3811,46,36
57398,10488,199,187
149128,1859,75,19
137339,3522,99,2
116349,1957,40,9
80559,15532,15,4
172667,17114,84,24
72652,6634,8,8
93683,9299,66,0
182174,12595,184,68
161496,10783,67,21
140051,3538,68,62
18569,4179,63,54
144670,14012,23,11
169308,8103,170,56
74986,11935,145,93
13899,5958,198,105
61287,7002,84,8
168672,3573,119,113
7986,10483,136,25
114232,7487,172,124
88386,14634,187,166
95414,197,124,92
135663,13156,159,67
204341,7023,41,21
173729,2195,130,47
29856,1200,80,47
24433,8646,28,0
52219,2955,30,0
111543,8982,186,9
27785,17812,75,75
484,2964,186,81
19245,3375,83,82
155783,15692,81,72
148995,17977,101,29
35216,8339,54,9
44888,10260,30,22
11368,17375,103,45
72995,822,19,8
25158,12878,35,32
69441,9770,3,0
3589,14287,132,75
60151,2386,108,40
194405,13993,101,9
1334,17474,32,8
164529,6369,55,46
12350,5315,46,29
105586,15922,74,66
141251,17719,31,22
63942,9086,64,16
15750,10048,131,69
98044,503,177,6
35006,5710,34,18
194178,14289,120,42
91846,10671,9,3
80901,7494,17,6
78946,10792,15,10
70288,10142,1,1
96273,4682,194,91
141594,1367,44,43
62148,13248,199,148
176978,4301,157,88
142543,2364,13,13
173790,2739,84,68
203437,8297,164,17
120834,9060,41,12
18038,15759,138,111
142301,275,138,84
96250,16196,35,29
203610,10664,48,26
90006,13823,197,105
201768,12693,121,9
24717,10101,110,35
17494,918,48,30
38534,6818,166,136
20658,7346,21,7
133443,16689,145,55
179047,3261,27,0
75503,3846,169,12
52040,3402,97,86
95039,7858,162,42
69656,8384,29,7
205038,9632,47,30
184209,729,174,6
142182,16139,18,3
190330,8923,107,12
121974,11780,28,12
182593,15320,26,21
174614,16601,50,34
191535,6931,120,12
58825,17709,182,111
26055,6353,43,22
124907,17968,14,0
204708,6206,76,45
46572,11903,23,2
60419,2358,84,55
78808,4643,36,22
52438,1282,71,69
150263,1414,155,10
40848,5010,32,29
162500,9953,128,12
186802,12772,187,116
55945,4369,7,3
4540,2695,38,34
173325,16815,127,23
139194,17170,33,7
32291,7718,95,95
36653,1089,25,5
21378,651,88,74
147923,2038,60,22
72348,16857,99,86
165371,6539,93,74
83264,610,88,56
200978,11905,124,8
17697,14368,33,9
141048,5860,43,16
152584,9353,166,46
136633,14387,92,89
46550,4502,178,138
61761,9620,125,78
152270,11987,144,51
16580,281,39,39
38479,6108,126,3
54641,8495,150,14
198482,16287,186,139
161830,7546,73,49
159783,4939,139,35
204030,17066,132,1
58371,9414,54,20
143380,16978,179,33
203741,3296,54,12
131407,4451,158,15
18277,12719,153,95
20424,7629,58,34
105679,15728,181,160
136650,16673,27,27
18115,622,154,93
69728,16818,89,37
170457,504,95,79
46729,17260,106,39
121136,11658,61,36
104082,10732,130,100
120367,17206,103,33
17540,6551,111,8
95121,3596,11,4
81958,10216,140,129
167029,3168,19,6
5149,15328,14,12
156064,10226,169,82
44991,7433,186,41
34492,1018,117,82
164602,12018,112,63
20937,11830,98,64
138527,13211,130,61
38795,3958,38,8
129647,12131,82,76
71954,12221,10,3
44729,6225,189,174
131467,16034,150,41
17640,11414,199,33
9294,2841,198,41
174023,14541,79,7
157856,12585,108,54
148285,1414,159,73
108850,4471,120,0
84330,14117,53,8
203498,11803,12,3
196619,16701,28,3
107512,4474,19,15
53517,5678,62,40
124001,12104,129,37
88995,9245,7,2
205768,10001,164,127
155345,3745,39,37
48735,8242,1,1
140825,15118,2,1
1330,527,164,23
200467,14410,178,122
85092,2964,26,25
164913,13120,39,10
185822,14194,20,11
115458,6766,155,150
72375,16758,106,62
154265,2212,91,39
39223,11162,155,4
147489,13434,193,171
159172,10441,37,8
179393,16274,14,11
194251,2695,55,42
170794,16313,20,20
73103,152,106,36
49515,9289,23,19
166475,10855,163,30
87589,16504,118,14
74115,6800,196,165
181493,3397,60,23
184217,7936,191,162
13965,8313,194,54
140190,4064,105,12
93147,9355,185,46
3686,12285,167,43
38972,14832,153,8
3132,13085,179,144
100572,12403,14,8
85645,7847,4,1
138294,8082,82,49
142297,12163,166,47
149426,14519,153,6
21949,3410,105,37
138732,14045,166,59
32995,6390,49,18
142363,2308,156,48
178012,3972,76,11
81180,2870,41,5
55415,8242,120,110
186096,12379,54,40
124959,5991,104,2
154791,17584,189,113
35350,13621,179,93
115447,15089,90,11
132607,8898,184,75
91690,9106,97,73
25664,15163,181,144
24576,2091,100,54
126902,3696,87,87
14057,9784,42,31
104615,11624,38,22
87904,5738,178,43
51429,7190,23,15
118246,11474,48,19
133509,11837,146,87
180720,1997,123,34
5030,14331,151,44
195154,8859,196,108
64455,3805,21,20
37966,5831,100,94
121005,17101,10,7
156096,10057,64,29
133549,9656,183,154
82283,14733,186,55
103799,1425,162,67
84088,15796,9,1
158170,6529,183,140
186997,12843,184,83
122830,3750,40,11
107625,17030,36,30
61671,5135,52,22
120606,487,85,16
48621,12540,80,71
151963,6975,77,77
57379,14801,148,90
89526,4385,146,42
94820,14929,46,13
160768,11971,104,47
205517,2210,18,18
112011,4472,87,30
184907,14195,190,5
47056,305,79,79
178375,14622,144,121
126801,10551,145,72
154762,8659,158,125
110204,16260,186,106
24359,2620,49,26
62543,11635,82,27
163782,13016,157,47
75476,14437,128,65
49116,17060,59,48
43591,9936,43,42
32102,3794,164,144
12807,2796,20,8
56758,15905,141,55
26976,11164,199,8
80344,15137,40,9
47138,9483,74,41
1914,7599,11,3
178824,4133,127,2
138952,1078,57,20
157254,15708,153,132
106004,10960,140,40
137953,17269,76,74
13808,14586,145,31
105710,14920,60,16
142363,4483,113,0
131511,16209,104,103
183696,14231,163,59
195417,1458,200,104
172995,6703,113,57
19495,14612,1,0
85014,17303,198,184
141981,463,194,43
14342,11691,45,28
120606,7845,81,78
180730,7256,124,35
73296,16332,78,4
70651,13329,112,40
195443,8189,46,21
95489,5737,177,15
89225,14151,47,46
57154,15498,111,41
167567,16882,148,62
27311,10003,130,37
5112,6054,47,33
14434,6692,33,33
17494,4947,37,6
49331,3998,138,52
5256,1092,119,17
79293,12056,15,5
91241,5236,104,33
183547,10060,105,69
97451,10092,198,13
66333,11811,89,53
41399,7596,61,38
36457,14391,152,36
124411,4496,58,44
105710,677,83,82
178387,13729,117,34
60069,1188,94,10
151125,5844,129,26
66702,10906,136,82
158921,8929,58,47
54631,13852,66,59
26254,17018,45,18
116437,15482,155,138
56641,17490,88,33
202167,4502,56,9
46647,16125,145,26
12365,5148,54,47
49023,8821,90,8
136360,2294,147,24
166024,15510,148,56
131594,15053,134,23
142411,3055,53,32
22269,8305,136,122
38134,3205,58,37
42701,15146,128,45
26453,10386,185,6
116726,12735,158,114
74035,9136,177,176
50821,4578,88,58
71153,15863,32,22
166439,16825,128,80
97248,8754,122,58
100139,3440,94,4
183426,17396,160,38
17487,6854,97,0
32808,10978,164,22
68,65,46,25
142091,16552,127,23
75821,16723,172,108
145368,6665,182,88
67825,10558,190,24
152113,899,167,85
89786,2306,15,12
120030,11109,86,13
9647,5501,75,33
99808,8066,45,6
100880,7154,79,69
160317,3765,77,18
109233,13275,163,124
136748,15696,24,6
135558,10656,134,46
10207,3323,34,30
122984,4493,132,25
187342,11997,110,91
88904,5763,130,17
142480,7633,187,72
136209,13933,140,120
157329,12053,188,142
25910,16080,179,104
138762,568,154,9
195629,8065,149,113
110223,16282,112,94
161993,1977,48,26
64063,9169,198,34
202979,14210,136,26
118697,10996,122,72
20499,11808,10,10
182049,15500,31,28
163409,8363,43,38
13668,1441,118,113
15288,10755,17,7
24596,11895,56,8
87002,10572,56,6
121345,8120,177,24
191113,7149,150,114
14086,3024,1,0
191485,16596,194,27
195718,16889,9,7
34721,5769,147,135
23637,14104,44,44
106085,9252,177,79
166145,967,98,19
133080,1806,93,90
25081,2949,159,25
162337,12596,138,6
47620,16954,197,118
205627,10437,142,142
186654,14255,97,22
193761,3729,69,14
156445,17404,107,20
25060,7530,95,23
140598,14867,145,113
177621,3001,122,79
77374,17707,4,4
195554,6207,2,0
114018,1046,120,38
85903,17911,49,25
115959,1053,133,131
66439,7956,134,121
163887,11172,132,119
190811,6005,53,24
165394,2655,135,114
194309,1910,191,149
106555,9260,148,138
83386,5046,41,40
172608,4286,171,4
23735,5753,176,62
98957,2763,20,3
27962,9085,96,5
108456,7294,51,41
47949,9074,156,38
18916,3589,107,90
107478,2734,75,30
190358,11193,112,10
91350,9541,16,0
32893,1292,186,34
173824,13521,75,5
199123,9582,45,15
80901,597,45,19
136064,5853,198,39
5173,8487,45,23
168534,15159,30,17
79532,14249,75,15
131512,4827,74,51
129578,10824,166,3
153545,6220,52,9
80339,4204,0,0
111947,6325,13,8
116269,1982,107,49
199630,3499,109,65
200955,3497,143,59
118520,9501,94,32
184908,448,190,151
70549,10883,131,81
94850,14092,145,90
198574,14305,27,8
115864,377,188,108
110144,3239,42,24
180747,8410,164,50
131289,8552,1,1
69397,13353,29,1
123595,11116,155,24
106520,8017,113,100
62135,5472,76,59
197184,10724,66,17
155169,13841,88,62
146503,1551,112,93
107394,1859,126,82
96598,4957,180,88
182962,8834,59,16
7015,6360,123,24
132105,6302,144,88
26910,12475,117,101
124624,239,139,127
194758,10533,72,37
151141,11519,58,18
130126,6793,98,13
80901,10006,79,18
39669,1343,17,1
191212,948,135,62
27052,11948,175,174
147225,12288,130,48
191757,2079,159,91
86728,13661,69,61
56175,12946,36,28
194132,16934,106,76
124398,5689,80,79
173609,7237,145,123
23933,11073,132,127
136603,15295,31,1
163446,7033,79,2
57059,4415,134,21
146824,10077,99,17
180578,15782,132,86
8796,17206,158,63
43626,10930,60,31
167821,16083,43,1
135489,7184,21,15
888,2595,34,28
196542,10320,196,146
31274,1862,165,69
167885,2617,28,4
156981,14411,64,7
135838,5753,123,93
26878,12618,1,1
36991,3889,20,19
131289,1170,30,1
187376,1587,197,73
61089,4559,102,85
162623,6682,199,132
117343,7449,55,20
189782,15207,43,40
42705,1054,65,49
124533,8820,28,5
58545,2552,158,157
26916,2904,111,41
79373,5416,38,14
79449,10585,35,3
144559,8412,72,51
140361,7148,187,13
66134,15645,49,29
80957,5816,185,10
88789,11584,57,6
199311,9585,99,82
124025,571,136,69
53641,3306,22,15
76762,15868,30,4
5793,8352,133,126
83368,11740,172,91
124481,12476,135,24
37518,10502,14,0
23845,3685,187,86
50851,1176,64,6
54953,8650,46,25
27782,2310,75,26
145998,4046,100,25
170872,5287,150,18
75872,15393,151,109
41457,328,55,5
33653,13266,166,1
99976,6438,94,44
20289,13427,68,63
155691,12586,109,70
203767,6360,81,66
137367,16175,34,34
111721,8272,77,70
24097,643,101,82
82761,2323,157,42
96488,1385,29,29
198541,1654,172,111
157570,5301,90,29
52179,8136,95,5
75577,8132,44,24
76352,685,136,35
44615,12177,142,92
114182,2741,23,11
24764,4979,23,18
199811,12582,57,35
196355,12939,178,172
119679,12655,179,157
197707,862,54,45
34280,8584,166,49
27936,8353,39,11
151900,377,72,51
184650,9339,173,148
193354,2169,63,24
105184,17008,197,193
165890,10603,149,13
123285,5948,136,103
38683,16034,125,75
25405,12758,200,85
23242,17203,42,26
109552,14853,132,4
107517,10759,8,1
192104,6180,184,126
87556,1685,187,19
196171,8423,10,2
173630,4791,75,23
114858,13252,44,20
132410,5132,196,64
150521,7009,131,57
200636,5672,125,74
56886,15826,51,46
144158,17858,103,2
99255,17016,2,0
32008,4564,199,128
162211,10020,106,21
187475,2829,44,6
5483,14319,13,3
177694,4076,158,40
37189,7788,150,149
46823,9356,40,12
51341,14528,162,104
119920,8694,98,61
128895,13523,49,40
82201,4974,30,1
58052,16913,182,91
163212,15437,129,95
189207,8307,128,74
169973,8681,195,163
24507,4582,86,7
23414,1709,84,38
98432,9999,80,71
114713,7159,187,48
176624,4036,113,95
10685,7685,95,41
33319,17288,142,30
6721,10575,42,6
37070,13063,85,42
45429,4322,132,100
139431,17289,126,48
15189,11513,102,64
193761,1550,109,28
64171,12579,57,36
147272,3709,124,91
138046,7335,178,7
167028,15481,24,11
184491,5318,77,70
67336,15558,130,69
177460,11478,171,152
15237,3229,189,10
114390,8351,152,16
15220,9320,104,10
170157,13891,12,5
58348,13587,161,80
163801,12904,186,44
112118,16667,46,34
40606,12407,86,26
81251,2990,99,19
206179,15544,146,44
59607,9108,22,13
43304,12764,15,14
26992,10775,22,10
149543,6083,189,110
127322,7596,109,58
106986,4845,94,83
12973,166,113,71
1997,7175,187,181
100761,1404,189,127
124379,2221,111,54
41933,11665,56,30
9016,7872,18,3
116084,3281,167,73
95666,2446,62,9
17342,10872,159,95
112082,8071,69,16
15113,11542,54,30
125766,42,71,38
87569,5741,166,26
180461,727,101,8
180820,14863,128,123
177250,7638,99,14
169620,10230,45,23
49402,2065,25,12
176286,14732,102,38
184384,11633,1,0
198940,322,186,93
125773,6962,174,145
64769,6075,75,50
9645,17621,101,87
144899,6270,69,16
31165,13605,176,134
145769,9103,2,1
166145,1962,102,28
29070,8127,135,120
72699,8627,25,19
106898,10068,45,26
73007,9409,94,13
133020,6809,30,30
40395,6988,118,13
198971,1532,68,60
4298,15273,165,105
162209,16468,85,57
164913,4810,104,6
30062,7851,85,33
117803,15479,88,40
148354,14557,107,22
52239,12610,112,51
98306,614,131,100
116953,8976,17,16
138410,17702,68,61
124379,10979,177,19
178501,17326,57,6
165691,4902,23,11
105750,971,45,44
106762,4318,37,22
116255,4383,61,35
137189,8976,177,78
155242,15339,200,37
177956,13497,45,38
118215,11186,138,17
70385,3710,130,87
188786,371,166,145
65202,15665,38,29
200602,16248,35,28
73427,3691,13,0
52784,12430,93,48
99813,14638,137,58
139605,9839,152,81
47966,10758,70,40
101752,9905,82,26
91414,2484,147,123
163433,7450,78,44
61092,4401,62,23
49753,4057,16,10
158517,10198,141,127
41503,12407,65,33
110395,2769,174,127
5287,6923,190,63
89216,16170,174,11
45581,1274,170,38
68470,1742,54,23
81251,4288,162,151
54364,3642,104,81
10120,3946,184,35
74706,7456,170,117
42583,351,133,52
191755,1514,10,0
126117,7081,166,59
37445,10249,84,44
122554,3033,123,87
161397,10253,53,7
47217,1059,121,59
89733,10414,94,55
131236,14849,173,39
106746,4894,72,70
11021,9028,26,2
108477,9563,113,101
41503,10890,9,2
17180,2352,29,29
133954,10100,97,42
45167,17816,186,164
73538,15564,167,82
93911,12158,110,30
2676,5923,83,13
89482,478,106,2
36936,16837,75,21
191453,2909,19,11
135873,2355,178,156
5531,1886,117,35
8411,5673,162,21
106471,12,19,19
154791,9564,37,3
72778,6477,105,67
17312,12078,51,9
62801,9416,129,106
158245,12548,71,55
126199,10711,89,10
64964,11833,22,1
30169,1155,60,55
68066,618,155,117
155472,16031,92,43
25213,8095,91,6
91889,17182,30,24
121688,11169,79,46
105586,8893,24,6
9570,17326,29,10
10728,2295,37,3
104480,9791,46,3
2006,420,189,106
1775,2128,34,17
153992,9150,44,15
54544,7551,9,4
182695,3313,161,61
168832,5795,155,91
141484,4985,180,34
192944,14377,123,72
85251,5756,119,90
93668,6102,22,1
96902,8126,121,117
42186,10105,136,9
187109,6623,123,51
123566,15886,191,87
179097,13571,85,12
197256,9550,116,101
67319,6774,27,4
119794,13001,71,26
155374,9592,27,18
56756,5497,134,58
33143,4105,29,6
171234,16184,43,26
125383,7967,37,36
24856,15832,9,2
82171,12935,49,14
132218,12199,55,38
60150,6250,74,59
199604,15318,189,138
48523,12031,117,7
177160,8208,30,12
22037,1545,15,1
43932,7748,3,2
52093,196,15,8
182639,9583,83,11
88143,15595,61,28
71021,10335,1,0
170536,1906,56,8
196973,13028,5,2
15081,9377,35,10
122503,9446,4,2
178197,3133,119,104
85658,16130,152,19
127968,16815,56,31
46923,16506,96,41
69646,14717,115,53
110604,4735,54,27
142816,12256,8,1
29093,3680,157,112
125111,17660,190,56
22639,4152,61,4
59620,5255,86,80
135225,1799,34,24
162089,3374,125,99
173797,7390,115,37
119253,4654,86,59
178587,12728,151,61
20331,12413,193,90
43830,10100,18,14
201899,13147,112,78
101868,9857,170,94
114716,16410,11,3
91477,11555,100,82
167695,14446,106,104
176454,16459,180,16
52128,1113,73,58
175363,4689,56,51
28009,5037,169,85
152877,14767,80,49
179941,8163,94,84
109569,1120,45,44
81458,2779,91,45
80581,152,118,69
2857,14247,116,92
137454,4615,54,8
155290,2401,41,19
144559,2814,124,123
154812,2603,199,46
166709,3602,26,1
124379,5363,127,73
203186,4081,21,13
191583,6745,40,34
77192,14995,176,9
34492,1848,142,25
169659,8546,136,19
47092,9203,14,10
73412,15760,194,158
168531,7465,179,29
80725,17297,27,15
58145,3606,13,12
102462,1317,98,48
38269,3574,86,18
7483,6494,35,3
15936,6424,45,43
26127,8430,175,0
16988,13897,38,2
65374,10659,130,65
13991,17522,104,13
165572,4387,25,5
11949,274,148,99
53834,1827,40,34
102462,8506,55,47
191799,4354,138,5
75804,4198,152,6
94990,11302,109,101
76835,13711,8,0
75158,12999,183,134
80529,8089,36,17
59947,16119,60,35
195628,14071,132,85
142877,7065,125,52
10275,2280,195,34
94306,6686,61,53
202803,2391,69,22
9949,14964,41,26
177494,17489,58,54
81039,15042,165,20
91846,314,110,57
18632,9660,34,31
5793,16516,7,7
120090,16193,173,61
127639,12087,164,128
126023,16878,63,47
163679,5032,193,140
34860,5485,63,38
138039,8040,73,35
125885,1360,151,129
114149,3360,181,87
200602,7999,97,31
163941,10775,163,150
88217,7122,10,4
192196,8762,63,43
147177,15355,62,58
118866,7753,136,104
135725,1439,38,19
144906,11064,182,79
9786,9304,178,12
202602,11031,130,122
88008,8265,81,69
106198,3508,127,69
126339,11338,12,2
171670,2201,43,37
75708,5584,1,1
132934,122,51,13
108201,8651,186,22
64171,6251,61,40
196717,7165,19,19
192657,13509,153,63
14730,14385,116,80
70346,8335,69,53
68215,421,161,95
170854,17746,115,34
95250,1226,46,37
171960,4438,140,97
73722,13417,48,1
107998,8464,81,45
154443,14594,25,7
193412,5093,78,50
155145,2107,92,54
91702,14491,160,57
163414,1407,199,168
203903,10623,123,72
109530,4081,85,47
166626,8656,90,25
145459,3935,165,137
191344,12177,168,16
124012,11424,173,68
63588,6101,190,35
177694,4826,117,46
181223,5703,111,19
20122,4745,0,0
79834,9861,35,8
76549,601,90,8
173353,16246,193,187
180962,10181,30,22
37189,13587,150,145
75158,947,178,85
149954,11669,24,15
129570,10686,176,133
110561,12246,134,77
12350,6068,87,72
17990,12914,155,107
193367,4517,96,49
95666,12174,111,1
7537,6327,103,93
1985,2894,48,0
149388,7976,122,58
45108,11398,41,5
185211,11997,72,9
78195,10266,13,7
194101,12696,62,21
53746,12149,124,72
33892,6648,143,34
124431,6123,123,33
76496,2114,56,52
199576,989,49,3
205717,1019,23,5
1356,10268,107,37
131236,17764,24,9
182129,11789,173,123
68898,10900,169,118
130180,13407,154,76
7338,15862,59,24
167759,15494,107,17
52701,3302,106,43
176818,3787,133,122
76612,1539,16,12
89277,10865,3,2
30029,9627,51,1
63301,16622,23,14
177108,3540,95,39
164721,7365,185,171
186141,1073,170,30
111967,15923,4,3
112487,386,177,6
132051,14282,93,15
3635,17006,83,64
68883,10397,109,106
137600,14573,49,10
62598,1217,10,0
138854,8193,189,136
30982,17390,26,19
175322,1582,131,49
201104,15991,63,15
52697,15146,167,134
205429,12563,79,48
101496,13382,53,21
103654,12584,152,25
149971,2523,151,94
39024,7684,120,25
101862,17712,35,33
139436,8312,34,9
198487,16175,79,35
94640,8129,34,15
202648,5571,5,3
189624,5769,199,124
148386,14467,100,36
196460,16625,124,40
193984,7553,99,84
16681,12758,31,31
4413,16017,134,27
170078,845,165,3
145867,10883,142,2
202197,6395,77,36
68780,3748,29,6
206058,1790,22,17
48040,8269,163,147
195462,143,58,50
179500,7970,83,78
119236,12425,42,25
19250,12173,124,123
158466,8638,66,57
187818,8903,108,0
114857,9789,200,94
157023,326,64,52
177873,16203,72,33
149172,14307,94,1
51133,14202,31,15
80566,11705,81,7
89470,15783,73,8
22159,14797,144,81
161144,16802,85,27
57210,2180,85,16
156988,691,153,76
166737,14091,58,45
24764,16277,162,90
24639,7308,34,8
41129,9068,37,28
201687,10732,154,38
174421,15481,17,9
16627,12854,51,30
42138,12271,179,121
826,12091,53,12
128008,12456,178,78
102799,13657,103,17
112401,1624,198,172
45357,7156,5,4
186329,3074,124,65
142778,7596,44,14
162396,10433,59,55
41465,11687,197,117
205253,13216,12,10
68690,5117,8,2
99813,12582,123,97
159304,13440,94,86
27363,4989,116,15
68290,5011,150,132
22732,15682,84,79
101862,11536,99,41
78952,5594,6,3
188665,7313,73,7
109052,7770,132,45
41459,1064,127,14
142925,5757,101,34
140743,294,33,7
23020,4369,177,24
43394,15896,160,0
159427,14868,26,23
71516,14460,84,29
148391,17307,122,50
72606,8747,144,10
55076,17202,199,181
204567,17859,187,20
57248,9513,125,84
86445,8699,195,74
49770,12244,188,97
116353,1043,179,48
173933,17009,169,167
7316,11031,198,142
92545,8386,25,12
69907,3851,134,123
3800,10191,3,0
4733,4100,56,6
203242,14329,156,109
152725,11609,19,10
94215,9714,123,30
34517,11924,8,6
43500,7778,124,48
65823,2083,64,39
128397,11323,135,117
46313,14102,70,24
85683,12864,116,53
14818,8191,90,26
146683,13903,192,83
189217,15015,45,7
179915,12685,194,10
106812,8714,114,48
180953,16574,194,176
175982,8886,70,18
151533,9886,50,48
41505,8716,183,98
86328,2749,67,52
184786,12793,20,6
156146,15111,13,0
47834,16231,104,80
65052,11916,63,55
202781,9976,70,10
163124,1943,50,33
160497,12236,30,23
163376,7759,187,46
177927,2420,41,37
199368,428,179,78
102885,1800,156,2
88421,12169,107,78
98432,5127,168,98
54047,14565,147,87
141594,17865,42,23
44237,3412,63,25
125877,11869,134,83
87606,16214,124,38
98135,15777,22,18
198458,2387,27,12
128154,3762,21,13
195669,13905,183,152
205823,3820,78,35
94850,2438,81,62
134508,3491,79,51
201735,15423,122,26
64268,9654,122,14
21785,702,156,100
22538,16759,53,14
60091,7471,22,0
33699,12936,131,92
147783,5618,126,8
133187,8449,40,7
37663,17337,62,34
94293,3104,10,8
81079,13695,63,39
133065,11534,86,4
13133,5788,8,0
156765,1091,31,22
123249,6997,101,13
118103,9363,133,3
97896,7608,67,67
53708,4234,68,51
45388,11193,30,21
34830,5137,71,17
53434,6228,56,36
13224,10339,199,15
9810,10352,4,0
170191,10761,29,17
115011,10098,186,114
88386,8749,66,54
42048,17558,1,0
111157,9413,93,63
99206,17785,107,94
52438,4262,188,18
63673,4994,13,8
109393,3036,46,16
188492,13306,186,181
172839,2277,2,1
74333,9653,120,62
205270,9871,134,22
52615,16451,198,132
97597,7587,128,100
171460,9918,41,19
138211,5370,45,17
38126,15287,187,132
4503,4245,85,63
42263,9559,106,54
192064,11157,93,32
42687,5269,67,9
10326,3316,117,110
40799,7148,0,0
201840,5267,172,150
86017,15272,122,78
113143,11037,74,48
21688,6644,171,59
176771,10121,142,125
184037,2518,181,157
93549,6103,37,12
126866,17024,140,89
143198,1413,129,102
100399,4019,165,6
50693,11954,148,148
165890,6021,175,52
46813,7014,196,14
134927,1574,51,37
124315,14402,63,20
103723,7951,2,0
74152,12592,152,36
169857,6720,99,70
140018,9891,59,43
38880,13875,159,50
103490,10120,33,9
131473,874,29,22
82767,6324,98,87
9081,10756,6,6
52294,2259,191,29
141498,3205,23,2
94966,5325,120,85
162576,13842,27,14
107072,15458,23,1
94283,8992,62,33
75254,466,173,87
193138,5892,69,34
74261,1460,93,45
139336,762,70,18
111340,2758,200,30
116438,4352,30,10
78354,3105,134,64
139248,20,60,0
179224,11473,8,3
184217,6322,20,11
101158,74,129,77
135352,10021,75,61
163809,8178,129,86
111280,15669,144,68
62702,1343,59,29
162327,12890,77,36
166908,16649,40,3
204556,414,127,107
55480,3118,169,55
3503,13005,60,3
186368,4254,121,91
160206,16877,122,71
151659,4896,53,11
25297,13855,162,82
54166,1663,121,39
72091,11111,131,22
186812,7848,102,94
103926,2017,72,13
133507,7114,118,109
45877,12636,137,69
166447,16134,1,0
114409,9385,74,43
888,9886,114,76
42701,8369,116,113
66398,10401,77,44
186131,10251,42,20
74182,3415,106,12
51152,16825,32,3
50439,6460,61,27
179059,17072,168,97
178197,10069,160,123
9483,17107,181,138
194088,11782,184,141
85833,3127,179,64
30828,14118,100,8
204616,4013,90,50
77348,17602,27,2
55372,7147,46,45
55070,16520,89,67
3115,500,43,13
99255,13026,13,0
6913,15861,26,8
200434,2229,106,53
50816,5096,92,52
24264,16915,72,34
36937,791,127,68
23735,2181,134,17
180781,14601,18,6
78354,13978,185,35
111418,2245,182,90
128250,12657,69,65
73196,16456,21,13
34517,2361,104,104
101159,3443,148,39
27825,11454,170,103
48692,15392,24,11
121065,13803,85,57
35477,16300,163,26
40054,7354,17,11
6406,4686,49,49
164683,8079,9,0
92372,9304,133,62
194826,9641,96,25
45086,4834,94,35
178882,781,21,11
153341,4220,122,27
31585,9826,82,37
151730,410,20,9
152088,13923,98,44
97920,8983,33,14
28574,2341,79,1
118467,15132,7,7
76204,2514,62,55
92996,9333,115,44
47409,1093,50,14
21712,4320,164,49
77699,15973,53,10
25221,6184,8,4
7577,9181,119,112
16057,15752,128,60
6000,3560,87,64
184703,9385,152,94
76829,16778,14,4
87606,1719,68,66
110186,5501,165,17
201164,6937,109,66
42224,16389,11,3
112670,6446,133,4
41406,6479,10,7
140626,11908,166,141
193296,15262,155,3
37966,13956,128,46
124826,190,152,56
42107,15664,160,9
151110,11471,187,34
14686,5915,153,103
62338,2845,190,21
96614,8433,193,38
37527,11285,36,6
62763,12942,183,118
144262,2359,33,13
9324,16275,153,148
136244,13399,159,24
100429,5644,20,15
93124,3439,187,67
66930,16904,8,1
180832,12518,99,4
166124,146,117,57
40905,138,163,144
20426,4684,33,28
199066,12943,50,26
31072,16745,42,4
189366,7870,22,1
135830,8892,160,128
70697,16863,177,93
135411,17125,40,14
140345,748,36,14
171063,1871,131,102
12560,12069,180,10
182129,11603,51,42
15309,14274,17,0
86007,8819,91,13
161521,1543,128,36
183884,16725,191,75
204012,12377,80,14
39969,10536,94,73
100861,9892,122,6
118504,10838,38,18
121770,6975,57,45
195152,1154,109,50
87035,9089,176,106
15264,7169,50,5
42350,613,180,132
193301,14998,194,55
146477,17228,123,14
178014,13409,60,48
171701,1483,79,74
66656,13295,154,85
22830,11155,134,83
37578,10386,167,121
108137,5684,69,3
158487,17753,134,133
31486,1557,46,14
57564,12023,47,40
96840,4683,110,90
15283,9945,128,85
167238,14501,161,0
87708,12517,60,25
194459,7108,59,0
43696,6548,115,7
76336,9848,182,151
148886,8997,76,29
178975,7272,65,27
157622,934,46,0
164022,12618,27,25
112732,3001,34,13
91846,5494,137,114
104151,4531,197,128
128504,754,54,4
80949,16974,178,53
132910,15380,93,51
89540,4487,0,0
11848,2661,105,15
103926,6198,7,4
4876,8810,20,8
121183,1923,41,38
13137,2598,25,6
189182,10264,102,60
114766,12025,148,41
171736,3669,191,147
180983,16472,182,150
156897,800,137,87
156910,8767,48,44
7889,3560,132,2
168541,15557,171,49
108180,16195,20,15
37146,12250,22,4
688,16946,7,2
28813,7502,122,73
137317,8634,84,49
159733,13991,195,143
54787,16229,28,22
183079,6480,110,41
52142,7913,66,8
32642,6255,41,23
113745,2100,136,52
108856,14930,151,146
202352,9850,130,11
136532,12262,108,94
126733,16427,137,101
170691,8751,48,2
180461,8636,62,54
18461,5838,184,153
49946,15481,185,10
172052,5470,170,0
44256,13091,7,4
66768,13994,32,6
62763,1267,194,16
79346,17003,3,0
145532,3283,85,18
49135,12350,114,111
106544,10757,50,40
159619,17832,108,83
158155,4808,137,39
53919,17527,6,6
100041,741,54,14
2727,14958,199,111
174245,13082,159,143
191523,2334,105,43
167210,7156,149,133
89988,8845,43,34
141048,14325,123,97
163860,6945,66,30
153382,5758,64,62
39016,12907,79,59
55788,3898,106,55
169371,6011,145,21
117560,3784,193,127
96285,10043,42,24
64210,2282,200,20
89852,6964,111,26
73807,17748,122,90
179483,15349,94,33
84664,6290,147,106
131821,16162,58,58
31649,3036,89,69
139575,15647,137,72
130760,16577,18,7
140807,16730,138,48
150409,5805,97,20
97999,14521,154,31
82090,16849,89,83
45429,10807,73,46
62529,10229,148,10
120620,10789,1,0
8204,5371,63,27
159567,9782,13,12
38793,64,171,70
166838,17453,178,95
185826,11097,13,10
53245,2377,119,36
1501,9258,156,132
80815,7662,87,13
683,6937,159,40
74375,15769,23,5
178975,6145,196,144
114919,16097,94,17
113821,16269,185,168
112821,16792,61,35
64947,15665,79,9
196700,4145,71,39
117331,10820,153,90
160886,4147,119,70
117126,14457,153,129
44363,8940,10,10
138410,9111,171,116
120631,9845,176,86
97726,13662,97,58
202908,16892,132,10
40397,3357,82,39
82666,8967,178,72
198725,8063,161,125
17697,12812,185,68
48524,10486,128,102
141209,11338,110,74
82283,3877,192,48
53279,11415,122,20
192350,4431,167,74
44468,10562,115,69
2144,3546,190,62
101350,1406,158,27
42830,2732,23,22
92540,3310,161,2
61024,11888,200,97
199676,17109,136,123
88444,15474,32,18
116668,11096,189,92
146038,16797,15,5
159988,3506,18,10
204836,15286,137,55
84929,12496,165,126
149064,888,118,81
89241,15541,59,20
28609,4592,187,43
126951,16503,103,52
16331,4669,104,52
185211,2368,165,105
166534,7779,1,0
127702,5001,35,14
607,6805,9,9
160356,2771,90,35
15430,7998,1,0
5984,753,121,13
54688,15082,105,60
159855,15350,116,87
92430,12809,40,12
47375,4428,16,12
49684,3979,16,7
115926,10311,38,36
19259,14520,46,7
97469,15514,155,137
92561,1128,87,63
105140,15423,26,25
94293,7991,6,2
22690,12008,91,87
52279,12845,147,64
16920,4513,126,105
16019,4673,146,114
40079,13555,47,21
157023,2357,83,9
16406,4612,62,14
147632,15134,131,6
153106,4717,30,10
8671,11160,64,16
76916,14992,177,133
76885,8443,17,9
127917,5521,82,30
123158,8284,104,33
88871,15313,167,152
134606,4586,80,34
183141,3688,5,0
42905,5543,23,17
115303,8330,102,55
188720,15901,104,4
126479,15317,107,28
106555,15455,183,60
36977,12233,24,5
8878,3317,0,0
178587,2814,18,8
20885,9097,99,74
120616,444,166,155
66507,5706,77,66
203445,12973,66,55
8152,11928,78,58
76250,85,107,45
132881,8980,184,96
115701,9980,100,88
170281,8242,165,111
46548,9965,31,5
183337,4622,86,62
72323,3104,81,32
150556,10141,11,9
23241,16707,27,8
99307,2645,79,30
76662,7188,39,11
57671,393,90,3
33448,8768,42,40
187417,11526,56,33
169991,4307,166,133
114089,11435,46,30
7420,3197,14,4
161741,13677,166,158
101261,3366,65,9
71519,17624,198,189
114994,17318,179,79
187223,4764,111,83
4730,5628,194,179
33319,17044,127,67
95189,4455,194,103
159359,15009,84,78
14964,11393,114,17
43626,2049,34,10
126008,5741,110,71
158090,14729,25,15
83194,8785,53,11
109781,15281,109,13
66945,12157,64,46
161510,4189,191,72
180984,12150,192,159
180820,11849,95,81
155787,12168,139,32
198477,14391,5,5
70924,9662,126,17
115122,16251,134,80
79065,6930,167,164
144644,11103,111,48
132985,7054,19,10
130088,16476,58,58
131758,1925,150,35
189838,7761,86,15
34856,8594,39,3
129600,6311,172,75
90255,8587,77,32
119089,4263,73,59
148984,12951,173,95
44837,11642,139,83
119182,4514,67,23
197884,17819,36,27
26055,13687,88,67
157013,5950,168,141
190338,4321,62,7
169381,13547,3,0
205641,1693,104,70
16681,5821,85,14
57698,8729,130,86
140815,8835,69,41
11422,13672,10,2
184228,15495,2,2
87762,1588,97,44
175461,1089,2,2
129839,16803,174,27
108195,2717,13,12
155151,6202,162,49
136136,13677,133,78
114922,14624,160,108
90855,3161,185,129
83755,8637,80,5
159829,16531,173,159
119924,8296,2,1
53662,10666,74,25
80967,11708,11,8
60412,14565,90,83
80344,8730,0,0
187475,4642,128,13
154598,8218,36,29
126876,8080,155,88
105892,13461,65,11
173666,14178,45,10
130618,7961,172,27
77089,434,137,85
112232,16094,74,2
116031,13791,3,2
133391,1168,128,13
140440,9837,113,29
19940,12131,92,14
27962,4395,93,53
116008,2285,171,38
537,17463,171,148
104952,13390,78,11
101633,17475,160,9
121989,16247,131,69
168817,17477,109,33
45966,15809,35,22
172625,11953,23,12
67523,12279,41,33
126899,3728,90,5
44160,9505,157,146
92651,17835,179,23
114115,15334,199,35
112641,8024,133,27
98269,14421,148,8
100483,15622,104,86
85833,17438,27,26
61395,13695,96,45
42647,4562,196,60
134511,7289,193,10
155870,11091,87,44
64417,1405,137,62
172502,17381,153,128
117667,4737,7,6
199154,6317,41,3
48389,13787,163,56
153085,16381,164,145
129105,13131,115,30
205853,13277,86,48
107489,8739,186,43
103602,15109,38,9
9965,5631,155,124
63877,12243,123,47
177757,6370,191,77
7107,14815,161,90
58244,1814,18,17
28695,473,69,25
199536,776,43,41
78273,3444,196,148
40606,16475,192,111
117524,2397,39,30
13611,9191,78,46
151359,14013,34,10
135565,9747,132,32
66674,4547,28,11
105209,9515,79,57
78286,12006,53,45
110835,589,115,34
170457,5017,159,52
169183,7361,81,39
55816,5864,90,27
120575,11091,180,77
160086,10694,128,52
47966,10948,128,8
8434,11097,78,44
55357,11440,65,54
129040,12141,186,120
69671,5229,187,61
34567,7550,143,108
8565,162,14,8
127233,14886,8,4
33984,5676,49,29
103181,11597,143,97
50492,16107,121,43
134635,17273,68,8
4212,2466,138,110
81365,16021,196,175
22159,13678,1,0
107335,6581,65,6
96810,14384,45,28
175443,4015,192,12
75149,10180,20,12
4698,2644,96,22
194251,3391,124,20
199287,2188,45,36
142701,457,36,22
179657,12852,111,101
181083,14619,17,2
52279,10706,28,7
124660,1980,44,34
108794,6545,100,29
99026,16301,57,22
128332,12759,17,10
49831,5129,193,157
65219,2644,98,81
64858,4388,105,92
67400,3278,162,120
88269,15124,154,114
124796,6340,184,86
107467,15409,66,33
80266,10062,190,35
115283,17087,136,135
7834,16063,118,83
129030,8497,177,177
58544,17042,188,9
172764,61,9,7
197507,14105,98,59
6620,245,170,165
34448,7915,192,72
169810,1818,69,37
202060,6723,125,83
192910,15168,63,30
112200,15817,146,54
96265,8826,115,88
67450,2485,145,45
89264,9591,90,6
13137,16987,130,17
133716,11702,142,140
57383,7199,182,78
118409,5583,84,1
70126,14888,59,50
62886,13936,50,26
100693,3892,17,17
146322,3204,2,0
125777,9607,160,96
165499,3287,59,5
203541,2280,157,121
112884,14875,136,57
91275,1060,141,36
13518,10508,69,31
185975,16180,196,144
105351,4243,73,37
16533,4942,55,53
167919,3806,55,7
61332,12782,125,34
193292,6736,114,72
112689,481,0,0
32416,3798,139,32
186757,3273,134,128
61925,4435,37,8
160090,15259,31,14
5394,17574,21,2
76728,14675,197,98
151579,10310,8,1
55569,16684,160,83
16479,1449,49,10
65797,11717,177,44
47142,4879,96,8
54281,11656,129,57
164521,12857,87,80
61389,9586,148,12
106812,17957,132,6
123791,8209,100,94
18409,6671,128,38
67722,15749,57,49
189808,7442,113,29
34722,15998,124,23
58008,6707,182,19
142726,5804,30,7
24229,2167,76,60
122586,5809,90,59
171350,17881,1,0
74035,6000,124,15
102935,775,92,86
182745,2126,111,47
69087,2759,186,108
36991,7622,49,45
85909,3270,109,67
159163,10577,20,7
172856,5115,93,15
104331,6999,156,115
117464,14058,141,117
1257,14059,37,25
132351,15764,91,61
170832,1576,37,34
123524,13426,84,6
32146,11154,63,7
91477,10511,186,7
112511,14583,184,46
48150,590,116,109
21846,4631,182,178
97999,6452,92,1
185456,6936,154,53
195070,98,18,16
129832,8169,192,100
65396,1129,170,170
205596,5683,155,113
69875,14437,199,100
84290,912,199,91
195515,1895,127,87
175674,9811,62,59
116965,15626,129,35
17196,8398,152,135
117837,3279,151,127
41513,8740,155,44
127872,10637,13,2
164598,4895,187,98
56135,10751,17,4
122456,5789,83,33
36026,12282,192,54
197660,2381,168,151
200272,4098,138,54
152482,10355,144,28
109951,3521,31,25
4689,759,2,0
170550,6600,184,80
9687,8356,112,43
199621,9944,197,54
177488,4261,142,50
37874,3196,196,135
179029,17814,86,3
82204,15513,27,8
154784,15706,126,34
176663,7578,133,112
149757,3483,29,20
201988,2354,189,108
152247,17913,102,2
178432,10064,111,109
97620,8636,174,9
171127,11417,1,0
198264,8451,192,52
74180,2206,146,9
138804,12726,38,29
96208,5914,151,115
160257,10826,194,183
84454,15135,59,35
160769,17364,26,5
13545,16170,183,3
89288,4552,140,108
76556,14709,101,22
97870,1412,139,123
30213,10303,139,74
138044,10303,170,40
157660,5638,193,55
58709,149,180,147
200853,6499,28,23
2188,1936,157,126
188675,17436,101,73
98919,9701,7,7
197492,12066,59,4
102548,12204,159,146
86689,13826,58,34
188618,478,74,47
146399,11266,146,55
4069,4844,170,127
65258,17115,70,54
199294,9841,184,156
37915,5594,41,35
106475,16959,156,144
199192,1369,22,4
20613,10780,35,30
149746,1181,142,141
154460,7385,160,84
146467,2301,16,6
58800,16959,157,134
63087,1466,27,7
196893,717,115,70
31461,16888,124,2
146810,1277,88,83
146576,9668,101,63
159672,92,81,8
9054,1728,90,4
109502,16278,4,1
112311,8014,16,8
135933,2860,111,72
111338,11182,27,24
48025,17767,133,2
64894,5013,194,141
93377,3070,139,43
88251,4933,180,170
182881,8680,154,4
62224,11097,125,28
49843,1383,167,73
39223,12188,178,143
125417,13702,135,45
144425,11450,31,3
163556,2123,180,51
113712,6003,159,143
32608,4009,34,13
181782,1390,145,0
68835,17723,25,4
32995,12936,194,156
26878,17071,144,37
118215,10182,5,1
96158,7606,181,140
108630,4296,56,29
70253,136,79,9
104987,16105,51,31
199046,14328,34,23
5328,6718,134,16
140770,1587,92,86
204641,11985,13,11
111366,526,32,27
139436,2476,26,8
11820,15967,178,145
28392,202,10,3
112689,3598,196,120
167438,660,133,29
188529,3129,40,22
196421,4820,131,121
194944,14981,106,90
154489,170,148,11
13644,17712,198,64
48459,12321,155,6
145199,9692,188,137
142719,8907,96,46
109039,9636,141,88
44182,8857,127,111
143768,11172,156,111
195858,14620,61,5
186223,4448,150,126
64417,10016,107,49
159005,13732,152,148
115550,13085,126,36
136997,16213,152,34
40589,4438,179,123
128758,10800,117,23
21096,9093,173,20
140412,3437,156,43
125917,16073,29,15
60215,12636,164,152
62499,8522,156,23
15554,13947,52,20
12494,2406,76,71
57978,6062,66,20
157529,13707,144,136
189793,16625,59,44
57564,3820,43,2
42070,11483,80,21
75153,10239,12,11
114019,12346,79,68
127310,8752,89,89
109019,2432,181,5
16681,9586,167,68
90356,15313,187,161
52784,11867,148,77
61638,1,155,25
194132,7873,119,55
204866,3557,13,0
47980,12401,67,43
81096,14425,24,21
96777,10513,39,14
21070,4843,156,17
75787,627,118,112
104541,4277,149,6
