timestamp,visitorid,event,itemid,transactionid
1430625867559,96265,view,10286,
1430629812945,37928,view,13789,
1430630370407,89136,view,1999,
1430630552151,89136,view,1999,
1430630763138,34865,view,6171,
1430631680937,85251,view,9731,
1430631844043,34865,view,14997,
1430632085445,36964,view,10448,
1430661039031,179657,view,8394,
1430661338024,44090,view,14586,
1430661403208,179657,view,92,
1430665368202,156231,view,16102,
1430667586280,95457,view,14836,
1430687775570,119202,view,14224,
1430690328968,34865,view,16225,
1430690373045,34865,view,8749,
1430690585510,34865,view,8749,
1430695501045,105478,view,174,
1430699251146,28556,view,13994,
1430702879606,30284,view,12265,
1430703056565,30284,view,12265,
1430703088746,30284,view,12265,
1430709586794,103859,view,2080,
1430710819546,103859,view,15284,
1430714129738,188125,view,5571,
1430716036010,171483,view,17807,
1430716117685,171483,view,17807,
1430716445049,99012,view,6977,
1430723321761,145282,view,5540,
1430767679539,173292,view,993,
1430778148597,181590,view,8467,
1430781015876,8026,view,3347,
1430790659979,36937,view,8935,
1430791725868,160086,view,7659,
1430797107133,185677,view,4408,
1430832547596,16683,view,7305,
1430846984348,150309,view,11012,
1430847022411,150309,view,11012,
1430850627970,89268,view,10271,
1430857956701,204491,view,15355,
1430858078669,153345,view,15490,
1430858264650,204491,view,15355,
1430858270384,153345,view,15490,
1430870505549,16092,view,11719,
1430876427880,5435,view,15490,
1430877874444,125152,view,5188,
1430879342195,172525,view,10253,
1430879951315,1985,view,11108,
1430880062746,138978,view,9568,
1430880881729,40317,view,3453,
1430885548353,177991,view,2554,
1430931952271,34612,view,674,
1430933669536,164683,view,4612,
1430934279467,97829,view,2234,
1430934471836,97829,view,2234,
1430943432864,140807,view,3069,
1430946044385,119937,view,15021,
1430956606256,76756,view,7443,
1430957673134,155136,view,17840,
1430960630247,125152,view,5188,
1430967219897,138395,view,4232,
1430967949092,73871,view,7983,
1430973616345,202042,view,3879,
1430977642619,63495,view,9248,
1430983133560,118112,view,7545,
1431008566457,11710,view,9890,
1431011719328,19615,view,10959,
1431015874486,103181,view,2452,
1431017006820,125111,view,8918,
1431017037061,125111,view,8918,
1431017064391,125111,view,8918,
1431017635564,181119,view,5465,
1431023859758,143860,view,3817,
1431027146101,111043,view,14737,
1431032032373,165369,view,3792,
1431034227547,117114,view,16898,
1431037550290,184217,view,17002,
1431038558616,117114,view,10857,
1431043410515,117114,view,9039,
1431044303084,117114,view,3727,
1431044304026,117114,view,320,
1431044466493,121136,view,17114,
1431045524991,117114,view,13413,
1431046040141,117114,addtocart,13413,
1431046043871,117114,view,13413,
1431046266446,117114,view,13413,
1431046779156,187037,view,5624,
1431051257149,117114,view,10857,
1431051378267,117114,view,8969,
1431051525706,117114,view,11849,
1431053822071,26278,view,8395,
1431057067061,178285,view,7611,
1431059212558,74965,view,17066,
1431059476757,178285,view,7611,
1431064094655,62817,view,2543,
1431086109946,21883,view,15886,
1431086117844,21883,view,15886,
1431087187291,21883,view,5255,
1431087269777,21883,view,5255,
1431094850711,47264,view,14035,
1431099033270,54868,view,6243,
1431099266965,122723,view,6935,
1431099985497,98601,view,6335,
1431111577412,76233,view,10734,
1431119313731,136278,view,5015,
1431121822482,204164,view,14586,
1431129764152,86527,view,7484,
1431134585174,23023,view,2428,
1431134613423,23023,view,2428,
1431134613501,23023,view,2428,
1431134615324,23023,view,2428,
1431134615402,23023,view,2428,
1431144968103,169375,view,10216,
1431145318109,169375,view,10216,
1431146787039,135470,view,14658,
1431149427357,115497,view,16119,
1431151700972,116981,view,15614,
1431188709493,5503,view,17867,
1431189871344,5503,addtocart,17867,
1431190007229,5503,transaction,17867,11520.0
1431199277564,173177,view,12579,
1431202541727,65137,view,10104,
1431212699826,96728,view,15812,
1431212809644,82412,view,10453,
1431267259512,151082,view,15907,
1431267279508,151082,view,13190,
1431268697520,151082,view,15907,
1431269522649,41557,view,5578,
1431284831872,34019,view,9535,
1431285654598,97252,view,17746,
1431285817060,97252,view,17746,
1431289894158,204164,view,14586,
1431293413611,78294,view,1555,
1431309487934,95232,view,351,
1431310832677,121371,view,8376,
1431313667705,186201,view,526,
1431315606723,77856,view,10890,
1431319612666,184609,view,6977,
1431319654897,184609,view,6977,
1431326357004,190184,view,14173,
1431344128440,50042,view,3454,
1431355992377,134448,view,1456,
1431357294717,188515,view,8891,
1431358223403,124863,view,8849,
1431363488226,76233,view,9890,
1431366911891,18772,view,13744,
1431369063813,131102,view,8055,
1431370837077,142543,view,15490,
1431371067827,135855,view,5632,
1431371784184,114307,view,10328,
1431377652155,16985,view,8221,
1431381255226,8204,view,1838,
1431385621562,203014,view,3666,
1431390665072,135347,view,8742,
1431392299815,135347,view,8742,
1431392715456,178727,view,13283,
1431394820733,17374,view,7945,
1431396753554,141594,view,1555,
1431400076114,171060,view,3507,
1431401844989,157344,view,2267,
1431402557872,89268,view,12337,
1431405866388,103799,view,14202,
1431414126827,87517,view,5161,
1431419165646,152602,view,547,
1431419418679,120833,view,10407,
1431419807142,152602,view,16205,
1431438154366,153799,view,10216,
1431439131326,153799,view,14247,
1431445718219,131553,view,8370,
1431447891836,198236,view,6098,
1431448577711,4492,view,173,
1431455974691,81919,view,5965,
1431456034502,81919,view,5965,
1431456095689,81919,view,5965,
1431457806274,197440,view,16718,
1431459246141,30316,view,2387,
1431460895152,16058,view,7887,
1431462554801,141037,view,5574,
1431463557963,129350,view,12605,
1431468896474,143505,view,14035,
1431472223635,124481,view,6697,
1431477100559,97619,view,15207,
1431483815268,145474,view,8197,
1431487568886,40000,view,6335,
1431535137150,129588,view,7887,
1431539742524,148763,view,16932,
1431542389559,40317,view,11170,
1431543445479,177108,view,5732,
1431547225848,90478,view,8888,
1431548887086,147214,view,12103,
1431548981171,37580,view,4745,
1431549099527,37580,view,4745,
1431552977589,14460,view,1283,
1431554096131,34703,view,12103,
1431554306003,34703,view,12103,
1431558295304,57083,view,1684,
1431567138404,69288,view,10612,
1431572946829,89495,view,4829,
1431574766207,49240,view,15287,
1431574999046,153571,view,2945,
1431575244358,197303,view,6749,
1431576445627,123705,view,6943,
1431620134388,193598,view,11472,
1431620176584,193598,view,11472,
1431620576985,75838,view,2536,
1431621001956,149954,view,17914,
1431625176616,198537,view,5624,
1431626722031,148366,view,9042,
1431627824677,123249,view,2177,
1431633068901,4051,view,675,
1431637026962,66739,view,10273,
1431637243898,66739,view,10273,
1431640118599,32608,view,12789,
1431646825438,143622,view,7635,
1431657112289,204211,view,9995,
1431661142745,187053,view,11746,
1431704143821,204724,view,15150,
1431711039542,91865,view,11659,
1431714177477,52235,view,3905,
1431720224868,187092,view,11356,
1431722389882,18942,view,16942,
1431731778087,22215,view,3044,
1431738443823,175737,view,6751,
1431739352775,89828,view,10355,
1431743083450,118530,view,10655,
1431747155447,18926,view,13778,
1431748108563,69288,view,10612,
1431748191983,104648,view,2524,
1431750786488,133436,view,8216,
1431751228915,175466,view,876,
1431755363400,191501,view,7990,
1431757669732,191501,view,7990,
1431767573553,191501,view,801,
1431789719753,128544,view,2757,
1431797313440,69288,view,10612,
1431801975294,4995,view,6677,
1431802216044,76326,view,992,
1431805760278,142258,view,316,
1431813798138,74809,view,5916,
1431816276385,120030,view,10655,
1431816954000,24776,view,12265,
1431817064121,24776,view,12265,
1431817118666,24776,view,12265,
1431817210087,24776,view,12265,
1431817300220,24776,view,17241,
1431817318097,24776,view,12265,
1431817333689,24776,addtocart,12265,
1431817369445,24776,view,12265,
1431817596739,24776,view,12265,
1431817856749,93150,view,17577,
1431817975041,24776,addtocart,12265,
1431821215557,140862,view,11647,
1431824139155,78656,view,16770,
1431829199372,191774,view,4052,
1431839438308,134595,view,11269,
1431839695733,134595,view,2582,
1431841049310,7464,view,13040,
1431841725232,16385,view,1020,
1431842494744,7464,addtocart,14840,
1431842753728,7464,view,14840,
1431843841939,33904,view,9365,
1431848365292,86592,view,16275,
1431849365419,195603,view,4974,
1431855772102,191501,view,7990,
1431855775324,191501,view,801,
1431857945756,50840,view,2959,
1431858057319,191501,view,801,
1431870701343,83654,view,14575,
1431870800110,83654,view,6891,
1431872023377,179508,view,10763,
1431884307732,22023,view,904,
1431884590682,22023,view,904,
1431886672634,175133,view,17868,
1431886860174,175133,view,17868,
1431887879864,191501,view,801,
1431893363489,190682,view,1882,
1431895228779,16385,view,1020,
1431897610372,191501,view,801,
1431904925035,32857,view,9788,
1431908724641,138820,view,5965,
1431910753614,71958,view,9393,
1431911078161,137487,view,1623,
1431912159369,129651,view,14109,
1431913346102,161279,view,12731,
1431913404422,161279,view,12731,
1431916434247,22201,view,6422,
1431920115679,135401,view,15490,
1431924329811,191501,view,801,
1431924726768,48897,view,16441,
1431932738175,136748,view,13076,
1431937525341,16385,view,1020,
1431945092632,37720,view,1834,
1431946722077,37720,view,1834,
1431963211214,80344,view,2522,
1431966252030,169844,view,11075,
1431971320235,41272,view,16858,
1431974999299,132607,view,10368,
1431975122917,109453,view,4625,
1431975622129,125144,view,15351,
1431975632086,125144,view,15351,
1431977134382,204258,view,4295,
1431977957794,70120,view,3776,
1431983685962,91962,view,10306,
1431984377182,75218,view,5208,
1431993181866,27936,view,2377,
1431998342895,52420,view,12579,
1432004635938,36983,view,8370,
1432005448208,23020,view,8394,
1432007248113,164706,view,125,
1432011384309,36228,view,15496,
1432053754995,59749,view,8471,
1432056632542,166926,view,17950,
1432059234019,133224,view,15633,
1432066051663,3278,view,16854,
1432070338464,175165,view,598,
1432079522829,191574,view,2304,
1432082422118,193018,view,368,
1432082908078,89241,view,16293,
1432089465394,120361,view,1222,
1432095117664,163306,view,9277,
1432095596145,198417,view,10034,
1432096314365,189196,view,17867,
1432096578842,7464,view,10140,
1432096585172,7464,view,10140,
1432096626253,7464,addtocart,10140,
1432097320325,8864,view,2798,
1432098049639,43064,view,1941,
1432098090773,8334,view,488,
1432098516365,191501,view,801,
1432099113537,8334,view,488,
1432107745182,191501,view,801,
1432140742751,186390,view,4515,
1432145808734,51429,view,8221,
1432151182922,173537,view,6126,
1432151824301,56221,view,17578,
1432153059243,78431,view,5320,
1432153625476,104658,view,1172,
1432154328353,104658,view,1172,
1432155809355,56595,view,9055,
1432155857956,95275,view,2558,
1432162120821,104982,view,5172,
1432175396595,60614,view,12797,
1432176511098,162942,view,7197,
1432181306282,149808,view,3724,
1432182141910,106751,view,5632,
1432182144429,106751,view,5632,
1432184568835,161279,view,12731,
1432186001392,191501,view,801,
1432186162706,161279,view,12731,
1432210045560,118162,view,1601,
1432213254579,194190,view,7272,
1432220903098,105404,view,12188,
1432222790333,73606,view,6977,
1432225088378,140245,view,8727,
1432228119595,108175,view,9588,
1432236618981,11588,view,7781,
1432237135439,55163,view,11325,
1432239877342,104658,view,1172,
1432240335367,204030,view,4622,
1432241792814,104658,view,7301,
1432247299912,202303,view,16123,
1432248933249,103271,view,1537,
1432249012746,103271,view,1537,
1432252908482,64455,view,4234,
1432259347722,47607,view,16829,
1432262112369,55004,view,13290,
1432263983936,137432,view,15009,
1432265584916,74333,view,6977,
1432266530428,64333,view,2543,
1432268226818,161984,view,9629,
1432271268644,191501,view,801,
1432274611053,146475,view,16730,
1432279258657,191501,view,801,
1432289402605,178029,view,9540,
1432296433575,38251,view,8332,
1432298148141,13226,view,1426,
1432301556297,134837,view,2253,
1432310493993,178894,view,5712,
1432312403779,65052,view,1414,
1432315230614,26254,view,3817,
1432317632283,89220,view,11059,
1432317994485,127781,view,1878,
1432320227201,58644,view,7322,
1432328202660,82204,view,2582,
1432328296101,82204,view,15637,
1432330042601,51597,view,10805,
1432330890629,57154,view,14215,
1432336299095,152860,view,9554,
1432336419107,152860,view,9554,
1432338651942,20081,view,16093,
1432348273066,187563,view,93,
1432348346042,187563,addtocart,93,
1432361869465,1022,view,7733,
1432399935468,127745,view,6363,
1432401336009,35509,view,104,
1432403401126,127745,addtocart,6363,
1432407309996,12494,view,8466,
1432409227397,167761,view,14621,
1432411723806,18427,view,5284,
1432419000329,187356,view,12868,
1432419474328,18825,view,12797,
1432423330401,187356,view,8394,
1432426725938,199535,view,3019,
1432426922771,101647,view,145,
1432429931465,187356,view,8394,
1432432903834,87934,view,16106,
1432445401318,31074,view,3383,
1432458926703,53659,view,8396,
1432464000759,28566,view,1148,
1432470496195,182695,view,10094,
1432471201877,182695,view,10685,
1432483399681,46548,view,17583,
1432498806246,88444,view,17011,
1432521332947,11828,view,5377,
1432525063410,150963,view,6037,
1432525996727,150963,view,6037,
1432560048718,10220,view,4599,
1432560898853,19897,view,6658,
1432561664990,57310,view,4257,
1432561694184,77607,view,1601,
1432568107491,132111,view,15658,
1432568258559,132111,view,15658,
1432572808587,12114,view,4199,
1432578009716,84830,view,10696,
1432578016877,84830,addtocart,10696,
1432585572980,158030,view,3723,
1432585587403,158030,view,6574,
1432585602848,63306,view,16730,
1432587948207,129758,view,11018,
1432589609984,42224,view,4199,
1432592254248,5326,view,15081,
1432592636375,143951,view,1563,
1432596372479,42224,view,4199,
1432599393342,106155,view,331,
1432599526563,189327,view,3964,
1432599601118,189327,view,3964,
1432599723054,40532,view,2387,
1432599938071,77607,view,1601,
1432600038877,201164,view,8606,
1432600180631,189327,view,2313,
1432600299675,189327,view,2313,
1432600597514,189327,view,2313,
1432602035053,132684,view,8221,
1432609752864,87761,view,5710,
1432648274037,85568,view,15508,
1432655550898,110817,view,11746,
1432656667815,83252,view,10779,
1432656821506,83252,view,14968,
1432656895662,83252,view,14968,
1432661244278,174011,view,5632,
1432661329421,174011,addtocart,5632,
1432661465287,174011,transaction,5632,17635.0
1432662592958,184786,view,9871,
1432665080216,189823,view,15744,
1432667717426,70471,view,6209,
1432669919803,145789,addtocart,4199,
1432672618235,67203,view,8773,
1432674458356,67203,view,6258,
1432674805609,62529,view,2568,
1432675458418,61691,view,12537,
1432677461794,166474,view,11554,
1432677463959,166474,addtocart,11554,
1432677506877,166474,view,11554,
1432677537725,166474,view,11554,
1432677542621,166474,view,11554,
1432677899672,166474,view,11554,
1432678574520,152797,view,7617,
1432678804980,117081,view,6731,
1432683426241,168534,view,9894,
1432687538126,181435,view,6170,
1432689138013,183247,view,710,
1432695691413,169113,view,4705,
1432696060342,22749,view,17432,
1432696426044,22749,view,17432,
1432697964945,22749,view,17432,
1432699701391,22749,view,17432,
1432701752867,148191,view,5761,
1432703044306,66004,view,9322,
1432705697764,139931,view,9897,
1432737440910,5173,view,12605,
1432748039239,117543,view,2532,
1432749263705,39094,view,13290,
1432749477761,15556,view,14532,
1432751692641,2266,view,2728,
1432752276156,40054,view,3441,
1432753827586,58162,view,8226,
1432758408637,109052,view,10573,
1432760083524,60431,view,12711,
1432760307791,26254,view,14759,
1432761026267,26254,view,9346,
1432761286062,26254,view,14759,
1432761389224,15975,view,17025,
1432761453438,26254,view,9346,
1432761512526,26254,view,9346,
1432761513198,26254,view,9346,
1432761533363,26254,view,9346,
1432761916649,157249,view,2659,
1432765573379,99571,view,9510,
1432773177092,57553,view,9835,
1432773266446,57553,view,9835,
1432773548389,151814,view,1601,
1432777886902,182695,view,10094,
1432783506324,129549,view,3713,
1432787389337,185132,view,13744,
1432794889510,201461,view,15490,
1432818655858,204054,view,14354,
1432822906950,2394,view,8137,
1432825269247,126101,view,5418,
1432829290353,59274,view,15339,
1432829823508,187014,view,2611,
1432830454969,31435,view,710,
1432830915840,2137,view,7275,
1432832496182,62705,view,13329,
1432834479447,104658,view,14943,
1432836693631,143832,view,6289,
1432841733170,83597,view,5965,
1432841895422,83597,view,5965,
1432842027726,83597,view,5965,
1432842312738,36187,view,1210,
1432845389165,176584,view,1481,
1432849196617,128901,view,14451,
1432852265013,187476,view,6782,
1432852677280,188734,view,16264,
1432854288634,44876,view,8862,
1432859757524,55622,view,6047,
1432864389650,77786,view,13585,
1432881148081,52558,view,6573,
1432881156063,52558,view,2650,
1432907883567,54769,view,8727,
1432918942701,145394,view,8571,
1432923773523,39592,view,3796,
1432931480089,179389,view,9965,
1432932853824,157249,view,5296,
1432933860690,57553,view,9835,
1432940763138,106059,view,9322,
1432943328118,196823,view,3375,
1432943399229,196823,view,3375,
1432943408735,196823,view,3375,
1432943428889,196823,view,3375,
1432943438682,196823,view,3375,
1432944929909,89560,view,601,
1432964517488,142543,view,15490,
1432991704004,204054,view,14354,
1432993109947,176605,view,2313,
1432995643115,81460,view,13723,
1432995693502,81460,view,13723,
1433002781023,150675,view,5802,
1433003951465,103704,view,13804,
1433009626583,14931,view,7571,
1433010269067,14931,view,11537,
1433019270870,191418,view,13290,
1433027530105,133907,view,7275,
1433027592436,133907,view,7275,
1433027729224,133907,addtocart,7275,
1433027850759,133907,transaction,7275,15875.0
1433032134250,74601,view,13968,
1433037647091,142543,view,15490,
1433044880584,58829,view,13237,
1433045812567,45296,view,7431,
1433049445863,96268,view,16914,
1433056718696,112499,view,7519,
1433078477975,124638,view,15490,
1433089581901,45296,view,7431,
1433089600451,45296,view,7431,
1433091542348,96647,view,7030,
1433091794785,70420,view,1445,
1433092774822,181673,view,15808,
1433094541971,1770,view,9894,
1433094573238,1770,addtocart,9894,
1433098187381,140978,view,17867,
1433101463053,131304,view,6187,
1433104203544,109233,view,14035,
1433108598609,168563,view,15790,
1433110805086,5517,addtocart,1607,
1433116887707,10517,view,17867,
1433117103432,188834,view,12103,
1433121389620,124638,view,15490,
1433126974396,138820,view,9894,
1433129150501,146506,view,10396,
1433135173724,60387,view,13704,
1433135807100,60387,view,13704,
1433168698506,122418,view,8901,
1433175453653,119956,view,6549,
1433175488640,119956,view,6549,
1433175511766,119956,view,6549,
1433175524350,119956,view,6549,
1433175537788,119956,view,6549,
1433179361650,14446,view,15915,
1433181764995,198749,view,13290,
1433191942886,196096,view,11091,
1433194864488,35227,view,14739,
1433195718705,31189,view,17598,
1433204036005,202908,view,10682,
1433206076192,126882,view,5779,
1433207861072,74878,view,12847,
1433207876499,74878,view,12847,
1433208816213,115760,view,13968,
1433214112842,165755,view,15607,
1433215584872,171591,view,7945,
1433218583877,144227,view,11246,
1433223910856,117930,view,16732,
1433223913317,117930,view,570,
1433223931384,117930,view,16732,
1433225026360,117930,view,570,
1433249361589,42705,view,4682,
1433256270887,63673,view,10505,
1433257475334,124638,view,15490,
1433261759128,65278,view,7332,
1433265247220,114858,view,1255,
1433266142092,114858,view,1636,
1433267293612,176054,view,1555,
1433276977565,83259,view,15743,
1433285164100,125276,view,10290,
1433285389868,171591,view,7187,
1433312066692,187014,view,2611,
1433312101239,10421,view,11317,
1433353199935,35999,view,1943,
1433354866808,97418,view,14469,
1433354905768,97418,view,14469,
1433355973272,35999,view,1943,
1433356296087,35999,addtocart,1943,
1433356323264,35999,view,1943,
1433357489599,35999,view,1943,
1433358174577,111503,view,12103,
1433360046557,73923,view,10978,
1433360083021,73923,view,17893,
1433361066742,184077,view,17323,
1433361997112,175899,view,16389,
1433362919601,204616,view,47,
1433363078653,204616,view,47,
1433363159310,204616,view,47,
1433363211803,204616,view,47,
1433364721901,31491,view,8038,
1433364844755,31491,view,13620,
1433364851298,42827,view,5529,
1433364969587,31491,view,16316,
1433369703828,178716,view,930,
1433372737133,165980,view,4846,
1433373099758,134465,view,8727,
1433374355811,67404,view,15266,
1433379473789,118246,view,15368,
1433380819781,124799,view,17082,
1433387830127,158390,view,1636,
1433388973169,146477,view,4698,
1433392883147,106935,view,4212,
1433395173597,169052,view,14419,
1433398714714,31604,view,10655,
1433401064210,134621,view,10991,
1433419839039,169052,view,14419,
1433419892651,169052,view,14419,
1433426086900,169052,view,14419,
1433435425948,157529,view,11805,
1433442108587,46647,view,15922,
1433446283556,103811,view,4302,
1433446357452,99813,view,11313,
1433448372698,25007,view,5187,
1433449550800,117255,view,2933,
1433473265084,59865,view,12216,
1433473294867,59865,view,12216,
1433473394363,59865,view,12216,
1433473929328,125601,view,15779,
1433474508808,199046,view,3840,
1433477116982,72753,view,16892,
1433483671678,63513,view,3076,
1433509575641,78726,view,12450,
1433516788640,89117,view,10255,
1433519689697,24786,view,2547,
1433522803248,117530,view,754,
1433523556239,57882,view,3267,
1433523936570,24786,view,2547,
1433528430426,201840,view,10564,
1433532110390,141722,view,16967,
1433532173505,141722,view,16967,
1433544347194,162623,view,13653,
1433550852543,165829,view,7641,
1433564085284,10621,view,10682,
1433567173099,176509,view,10355,
1433567802976,37580,view,4745,
1433579724293,59467,view,13968,
1433607464477,196552,view,14930,
1433608957130,154868,view,5217,
1433609895523,156967,view,6842,
1433615045761,136350,view,16950,
1433617026064,68882,view,13675,
1433623703028,53089,view,9554,
1433623866625,184043,view,16950,
1433630152715,157254,view,16950,
1433631917121,4661,view,11779,
1433634557388,135098,view,7424,
1433642751084,30919,view,17753,
1433646978274,108856,view,5877,
1433718254921,1396,view,4487,
1433724880505,196460,view,11251,
1433731174837,204936,view,15233,
1433734680531,154418,view,15496,
1433734761350,154418,view,15496,
1433736089518,110933,view,3406,
1433757259212,149676,view,5595,
1433770585767,197479,view,17598,
1433773490679,204205,view,13645,
1433781978298,178519,view,601,
1433783474360,175571,view,13984,
1433786493191,79532,view,17851,
1433786620417,149676,view,5595,
1433787918124,100537,view,3362,
1433792658534,183991,view,5014,
1433797806632,23900,view,8221,
1433798510689,142321,view,341,
1433800548056,149379,view,10223,
1433808836554,114760,view,9305,
1433818058644,163624,view,13723,
1433821817644,165290,view,12797,
1433824008779,46901,view,16950,
1433824156254,126369,view,16950,
1433824441667,88153,view,16950,
1433831376713,28877,view,13723,
1433831764278,28877,view,13723,
1433844742754,149676,view,5595,
1433873101613,149676,view,5595,
1433874436422,26254,view,16962,
1433875497950,199129,view,2708,
1433877597669,133764,view,4749,
1433877624557,133764,view,4749,
1433878560813,9398,view,5244,
1433878802895,67328,view,16950,
1433878822287,67328,view,16789,
1433879456155,103947,view,16950,
1433879488377,103947,view,16950,
1433879750755,42415,view,7703,
1433881158645,105247,view,14549,
1433881905815,178046,view,5296,
1433883323762,66135,view,10376,
1433888230883,115561,view,10655,
1433893402816,54958,view,1464,
1433894386343,30741,view,1366,
1433896980009,202722,view,5359,
1433899115693,177071,view,4737,
1433899218284,177071,view,4737,
1433904941388,156871,view,700,
1433908375249,137019,view,7504,
1433908625408,74955,view,11746,
1433919419815,30666,view,17442,
1433926223491,30666,view,17442,
1433947708661,149676,view,5595,
1433953432482,138952,view,676,
1433953497981,30666,view,17442,
1433954764997,42415,view,14215,
1433955303534,182375,view,16950,
1433955303816,54215,view,16950,
1433955477498,171539,view,16950,
1433959774229,55939,view,5625,
1433963608627,66135,view,10376,
1433964535796,7834,view,10777,
1433965871891,55939,view,5625,
1433969090105,36402,view,5632,
1433969323006,89959,view,930,
1433971232366,196212,view,15509,
1433972795728,145350,view,16950,
1433973153801,158551,view,2054,
1433975455942,63449,view,12383,
1433979298171,26254,view,14161,
1433980458359,37781,view,3118,
1433986660182,35239,view,1445,
1433992689122,74955,view,11746,
1433993422453,82204,view,6487,
1433994135535,150724,view,3600,
1433994276011,150724,view,3600,
1433994499784,150724,view,3600,
1433996226003,129370,view,13689,
1433997208691,72268,view,12836,
1434002623245,150724,view,3600,
1434007852999,98912,view,10368,
1434031720708,149676,view,5595,
1434036460555,37781,view,3118,
1434043307724,98148,view,704,
1434046429254,114372,view,12622,
1434050452000,144129,view,15329,
1434050748250,26254,view,14161,
1434051986734,102548,view,8680,
1434052034343,102548,view,8680,
1434053374508,66135,view,10376,
1434053667587,149676,view,5595,
1434058798556,152362,view,3938,
1434060988287,190781,view,75,
1434062318149,189451,view,2933,
1434071086047,53481,view,6034,
1434071239996,205415,view,16775,
1434071969821,26422,view,3315,
1434075515412,176454,view,1553,
1434075538228,176454,view,1553,
1434076133118,7829,view,7714,
1434076163794,7829,view,5380,
1434093605320,205717,view,2809,
1434106123575,84532,view,15116,
1434106805954,84532,view,7945,
1434107805162,85714,view,11717,
1434117943928,66135,view,10376,
1434121196831,149676,view,5595,
1434123921143,138357,view,9449,
1434134608906,206208,view,298,
1434144820464,174614,view,12455,
1434147863216,120975,view,3010,
1434148823849,62058,view,5111,
1434150898630,144143,view,2384,
1434154514665,133907,view,7275,
1434161490374,190343,view,3605,
1434164525198,109908,view,15657,
1434185896891,66135,view,10376,
1434189074836,187405,view,6476,
1434196064123,103654,view,7493,
1434199259341,43005,view,12598,
1434199276680,43005,view,12598,
1434199974092,43005,view,12598,
1434210008634,149676,view,5595,
1434213672844,47620,view,12009,
1434221649011,7635,view,366,
1434222799812,114878,view,15116,
1434225485667,75149,view,15417,
1434236772787,183726,view,15867,
1434291737195,149676,view,5595,
1434300525800,112884,view,6776,
1434304610534,131206,view,1609,
1434310196085,151884,view,17414,
1434310619558,63522,view,15079,
1434311758621,32445,view,16246,
1434314169144,4698,view,1002,
1434314218335,4698,view,1002,
1434314551850,149676,view,5595,
1434314647291,10833,view,10384,
1434318419784,149676,view,5595,
1434319880988,118215,view,4174,
1434328489611,125959,view,2845,
1434331155904,174373,view,6970,
1434332770723,47620,view,12009,
1434371176328,149676,view,5595,
1434375413851,196517,view,17017,
1434375425464,196517,view,11029,
1434385599440,133312,view,6544,
1434386216877,72612,view,8340,
1434386389688,109908,view,9626,
1434397447450,92081,view,1648,
1434399361673,148400,view,4482,
1434400727722,92081,view,1648,
1434401151691,26254,view,192,
1434403663883,74466,view,8692,
1434405557940,45733,view,11896,
1434407594770,109364,view,16177,
1434418454835,60449,view,12926,
1434418455600,60449,addtocart,12926,
1434418664698,60449,transaction,12926,11600.0
1434420640826,147272,view,13716,
1434420714174,147272,view,13716,
1434426861969,18887,view,3364,
1434429803073,111375,view,3247,
1434431259914,158093,view,7238,
1434432146813,19503,view,8939,
1434434085760,98851,view,9241,
1434435559612,87277,view,3977,
1434435572044,87277,addtocart,3977,
1434435990373,134621,view,10991,
1434454934512,32445,view,16246,
1434456079037,32445,view,16246,
1434464631037,180003,view,15490,
1434467067811,153928,view,8618,
1434470328242,75225,view,10872,
1434470351125,75225,addtocart,10872,
1434477261637,80266,view,16996,
1434477263491,80266,addtocart,16996,
1434479699497,139574,view,6454,
1434479710454,87277,view,3977,
1434479738014,139574,view,6454,
1434479807941,87277,view,3977,
1434480636203,160220,view,14710,
1434481517982,169967,view,6518,
1434485835618,76772,view,675,
1434489019811,171745,view,1172,
1434489468433,171745,view,1172,
1434494684337,127310,view,11611,
1434496847153,17310,view,3571,
1434499137896,1580,view,11906,
1434499348834,17310,view,15440,
1434500172160,87277,transaction,3977,14920.0
1434500885139,17310,view,11819,
1434501833928,115864,view,17867,
1434501839887,115864,view,17867,
1434503213978,83368,view,7785,
1434503354021,83368,view,7785,
1434508433871,161385,view,6376,
1434508468190,161385,view,6376,
1434512819040,176454,view,1553,
1434514057313,204108,view,13766,
1434514119604,204108,view,13766,
1434516361387,113018,view,1534,
1434517189839,113018,view,1534,
1434518828676,182046,view,3760,
1434520258362,166508,view,1636,
1434545481288,105404,view,12377,
1434552330497,74711,view,13958,
1434566494174,73758,view,15846,
1434566587988,73758,addtocart,15846,
1434566879191,73758,transaction,15846,15391.0
1434574728521,73758,view,15846,
1434581442335,45421,view,6589,
1434584631681,126084,view,10578,
1434584987530,62918,view,16809,
1434589292064,139955,view,5925,
1434596553771,167919,view,5723,
1434598979108,5142,view,9263,
1434599173031,5142,view,9263,
1434599770735,77457,view,13059,
1434606450901,65132,view,9787,
1434635104752,199713,view,2823,
1434645313605,23037,view,16102,
1434648243420,67642,view,17036,
1434660204905,195821,view,4086,
1434677131201,50135,view,4647,
1434677510372,98596,view,2258,
1434677550545,98596,view,2258,
1434678445463,42223,view,1339,
1434685419287,4944,view,10107,
1434689396820,56145,view,10872,
1434689405310,203678,view,9554,
1434689512486,56145,addtocart,10872,
1434690833224,203678,view,9554,
1434696101595,193405,view,2267,
1434713329534,88243,view,8689,
1434723858535,96505,view,284,
1434725306468,173020,view,17856,
1434728763385,53513,view,13400,
1434730723899,179280,view,11428,
1434739536718,33318,view,601,
1434746573514,4579,view,15907,
1434752152936,169182,view,5314,
1434756839528,83484,view,13867,
1434761880741,72402,view,5918,
1434763080086,90234,view,15661,
1434765208368,100828,view,15784,
1434768958978,89491,view,2836,
1434771098604,148835,view,13934,
1434771470198,148835,view,13934,
1434771799518,117173,addtocart,3901,
1434781179260,111825,view,2337,
1434807691501,114381,view,6531,
1434819285673,134943,view,11886,
1434822681483,16990,view,8141,
1434829776053,133606,view,7702,
1434833526590,79647,view,7678,
1434839150695,170104,view,10541,
1434844156529,180124,view,11246,
1434851089480,146106,view,329,
1434852903202,43696,view,1549,
1434860737617,86613,view,8233,
1434861171825,54510,view,3520,
1434863463054,196619,view,14964,
1434903520199,146106,view,46,
1434904725635,36744,view,15347,
1434910804550,102577,view,16879,
1434910811323,102577,view,8100,
1434914833654,116422,view,8340,
1434923225570,44250,view,12467,
1434927396899,52572,view,5743,
1434929545937,10654,view,10685,
1434929642998,88871,view,7373,
1434932904028,150828,view,192,
1434932929976,150828,view,192,
1434936427899,15142,view,7570,
1434937461729,107136,view,6631,
1434939810540,90234,view,15661,
1434940390250,188974,view,16726,
1434940505521,14985,view,7736,
1434942723140,146106,view,10651,
1434942748514,146106,view,2788,
1434946170480,52572,view,5743,
1434949531590,195757,view,1130,
1434950959395,90234,view,15661,
1434951457057,90234,view,15661,
1434952665659,105799,view,16303,
1434958583056,165155,view,10060,
1434959233821,17992,view,5754,
1434962338334,124884,view,1231,
1434981984818,41749,view,17867,
1434982706255,90234,view,15661,
1434982723682,32401,view,3181,
1434982986661,32401,view,3181,
1434987852484,175804,view,9721,
1434989274235,112082,view,5255,
1434990783274,200589,view,6465,
1434991428901,171063,view,13130,
1434997840413,49135,view,7552,
1434998527857,76742,view,744,
1434999141197,174852,view,10419,
1434999165724,174852,addtocart,10419,
1434999736233,174852,view,10419,
1434999738975,174852,addtocart,10419,
1434999874325,174852,transaction,10419,6428.0
1434999995425,174852,view,10419,
1434999998471,174852,addtocart,10419,
1435000171620,174852,view,10419,
1435000264316,174852,view,10419,
1435000332825,174852,view,10419,
1435000371566,164923,view,8311,
1435000387776,125541,view,11375,
1435001317093,62829,view,10616,
1435007098687,188436,view,5663,
1435009717452,32401,view,3181,
1435029287221,42874,view,12896,
1435030026477,97573,view,5624,
1435030158954,97573,view,5624,
1435031004737,59905,view,12185,
1435031840188,11826,view,4906,
1435032986663,90234,view,15661,
1435034611380,137275,view,17171,
1435035070910,124922,addtocart,13619,
1435035849991,124922,view,13619,
1435037396237,138076,view,11325,
1435050372604,104486,view,16074,
1435065194491,174852,view,10419,
1435067550227,174852,view,10419,
1435077104265,175804,view,9721,
1435081610798,161423,view,14739,
1435097768812,75298,view,4904,
1435099169763,90234,view,15661,
1435101424272,52873,view,3777,
1435102473963,42573,view,5237,
1435104434702,171153,view,1262,
1435104930698,142877,view,11377,
1435109521757,12509,view,12635,
1435116895841,31856,view,4866,
1435119321753,95905,view,601,
1435119328184,95905,addtocart,601,
1435119497125,136355,view,5263,
1435122459616,951,view,17759,
1435147260987,126044,view,17746,
1435150777422,189641,view,11006,
1435157608387,172881,view,1684,
1435159396000,205369,view,7806,
1435165587862,140668,view,17715,
1435170150051,128831,view,12463,
1435184382386,123419,view,8525,
1435185439506,191060,view,17652,
1435195637353,133764,view,4749,
1435197612848,133846,view,5965,
1435202056103,40687,view,16389,
1435207017174,31072,view,16002,
1435208335921,186726,view,4828,
1435211911739,136244,view,4409,
1435245932260,135338,view,5360,
1435246991572,101602,view,4607,
1435254409954,18887,view,15353,
1435258277991,175804,view,9721,
1435259523291,106424,view,5706,
1435260876344,181359,view,5752,
1435268236310,200375,view,2865,
1435273889753,72805,view,6376,
1435274911769,9772,view,16628,
1435281064033,176056,view,14279,
1435281714755,81180,view,15116,
1435288060310,174136,view,7856,
1435289347792,135960,view,7098,
1435289473335,172450,view,11518,
1435299412115,75503,view,11987,
1435319555196,53722,view,7395,
1435319627329,101138,view,3012,
1435323826935,165868,view,1622,
1435324138703,193952,view,10314,
1435330676980,27181,view,11258,
1435339556880,146182,view,3723,
1435340994742,133026,view,2590,
1435341012421,133026,view,2590,
1435346378753,159065,view,2169,
1435347066342,19185,view,9781,
1435350823786,5209,view,10266,
1435354743405,144990,view,8627,
1435361269577,70348,view,13525,
1435363720323,28797,view,17528,
1435364618082,17340,view,12334,
1435374313760,93617,view,1336,
1435380138027,167192,view,8052,
1435383616642,15240,view,4807,
1435383686847,15240,addtocart,4807,
1435397500682,184123,view,6776,
1435415795615,22290,view,695,
1435416762850,22290,view,16867,
1435421873286,51178,view,11667,
1435422759678,158073,view,17167,
1435443799026,9208,view,2258,
1435448907215,182930,view,15150,
1435448907685,182930,view,15150,
1435453708105,22290,view,16867,
1435456453513,149876,view,11025,
1435456633450,187149,view,2377,
1435461610171,118278,view,10575,
1435468357401,82206,view,744,
1435470458812,51807,view,5573,
1435499142013,34107,view,13723,
1435514578038,34107,view,13723,
1435516084384,34107,view,1916,
1435519564706,92521,view,7431,
1435524345557,133641,view,9832,
1435526927965,38864,view,1537,
1435536226884,33307,view,4020,
1435536670240,70881,view,2157,
1435537319585,70881,view,5260,
1435537799600,70881,view,5260,
1435537962726,90234,view,15661,
1435539274604,182916,view,886,
1435540302556,146106,view,10651,
1435540348343,146106,view,2565,
1435541198321,139864,view,12365,
1435542400551,24282,view,5104,
1435543437403,154855,view,13328,
1435543946324,23801,view,1544,
1435545569298,164040,view,17135,
1435562308745,59454,view,11465,
1435568112398,23809,view,543,
1435568517984,23809,view,543,
1435596773809,8238,view,14964,
1435599159171,77474,view,16079,
1435599560334,72805,view,3519,
1435605840025,134837,view,2253,
1435606335158,64651,view,11016,
1435636013253,131511,view,12073,
1435636241230,195718,view,675,
1435668687391,157458,view,8945,
1435677383895,100917,view,17867,
1435682235360,100617,view,1737,
1435682267335,22538,view,11326,
1435693780801,61925,view,17914,
1435695839121,100617,view,1737,
1435712634969,68110,view,8484,
1435719299539,166187,view,8221,
1435726884827,52133,view,4300,
1435727599808,52133,view,4300,
1435729099802,7464,addtocart,6943,
1435730473467,52133,view,4300,
1435732252141,167691,view,192,
1435736839090,78808,view,8340,
1435766829233,141872,view,6034,
1435768923931,126290,view,10467,
1435771055064,118155,view,4515,
1435776027262,4651,view,4654,
1435783523193,103827,view,10202,
1435783799015,136961,view,15148,
1435784131830,178884,view,9948,
1435784139966,178388,view,14042,
1435789463403,76924,view,15846,
1435790642997,47720,view,7628,
1435795056246,197185,view,16732,
1435797016966,128531,view,10467,
1435797091462,128531,view,10467,
1435797187778,128531,view,10467,
1435800731968,176759,view,8041,
1435811914230,44298,view,1819,
1435812595376,4595,view,15313,
1435816572721,7464,view,6943,
1435818321184,88069,view,904,
1435819189837,73776,view,2297,
1435820489298,7464,addtocart,16117,
1435820495468,7464,view,16117,
1435823696841,134490,view,15905,
1435841624897,163308,view,24,
1435856715102,12132,view,9936,
1435856715508,61282,view,17891,
1435856833205,79473,view,13824,
1435856867583,186656,view,45,
1435858979732,180749,view,2359,
1435863189515,85512,view,17321,
1435874788005,170680,view,13339,
1435878030168,16302,view,9305,
1435882472045,10654,view,10685,
1435892831763,56758,view,852,
1435893216478,199983,view,3984,
1435894674744,199983,view,3984,
1435898435231,61259,view,7543,
1435902292645,78587,view,2844,
1435933890090,156216,view,13130,
1435954797966,5697,view,10368,
1435958826614,49448,view,6195,
1435961058434,100617,view,1737,
1435962371261,19973,view,4622,
1435970136133,28132,view,13991,
1435972245864,90029,view,6083,
1435976545385,42172,view,14507,
1435977482020,150609,view,7848,
1435982053221,7464,view,6943,
1435982303184,196251,view,11689,
1435982335299,196251,view,11689,
1435982357131,98381,view,4520,
1436019925469,131803,view,13037,
1436021969152,90886,view,11026,
1436025819534,178832,view,3323,
1436025988140,134943,view,10262,
1436030112562,64160,view,16950,
1436037626029,21507,view,15286,
1436042981766,94778,view,11939,
1436043492198,65823,view,4568,
1436043571881,64429,view,17647,
1436061102539,133752,view,11746,
1436062934714,127134,view,10844,
1436063542904,189673,view,2813,
1436065437936,163242,view,1610,
1436071727512,183685,view,13393,
1436071787968,183685,view,13393,
1436071792514,173609,view,12417,
1436072750063,183685,view,13393,
1436077115930,196372,view,3760,
1436098645113,191166,view,17382,
1436111749390,38864,view,8016,
1436115779768,13686,view,6563,
1436121705709,188974,view,16726,
1436132274745,65738,view,15490,
1436140816888,22119,view,17269,
1436146715928,201730,view,5244,
1436146789346,80043,addtocart,5124,
1436147441094,172483,view,7408,
1436148594784,109369,view,7225,
1436148603803,109369,view,7225,
1436149093292,160503,view,1082,
1436149995538,135838,view,17867,
1436166511688,125380,view,329,
1436182992526,36109,view,2452,
1436186467727,86428,view,14955,
1436192898120,72403,view,1394,
1436200846692,98231,view,5524,
1436203744117,106580,view,13703,
1436207239612,53519,view,11269,
1436208963472,61395,view,11565,
1436210403599,100617,view,1737,
1436211373305,99660,view,5255,
1436212368809,99660,view,15784,
1436218439228,93167,view,1865,
1436221051641,106580,view,13703,
1436221183494,106580,view,13703,
1436225928321,163600,view,2587,
1436226270737,163600,view,2587,
1436226287189,163600,view,2587,
1436227573532,43816,view,8285,
1436235425387,106580,view,13703,
1436236965263,135838,view,17867,
1436237272974,131806,view,3146,
1436237551536,131806,view,10487,
1436237599142,131806,view,3146,
1436239756747,117347,view,1989,
1436239831972,117347,view,11517,
1436239895962,28039,view,10117,
1436240353481,4876,view,9928,
1436277667436,178432,view,14471,
1436277909100,178432,view,14471,
1436287738504,100617,view,1737,
1436289539035,10533,view,8316,
1436290305441,178835,view,17209,
1436291762117,151955,view,4725,
1436299376526,109781,view,3924,
1436299589235,65016,view,11028,
1436301640809,42563,view,3293,
1436301853561,42563,view,3293,
1436306460902,186256,view,7113,
1436315100256,72552,view,17111,
1436315184008,72552,view,17111,
1436319309389,158033,view,7714,
1436322729194,86972,view,16098,
1436328431991,96550,view,16224,
1436334726646,146400,view,710,
1436339985356,123989,view,1641,
1436342058624,123989,view,6338,
1436372505003,123989,view,11719,
1436375083629,100617,view,1737,
1436378361489,100617,view,1737,
1436379231069,10021,view,6329,
1436381111179,110378,view,11176,
1436381582910,110378,view,11176,
1436383720022,97999,view,2248,
1436385180849,100718,view,5646,
1436390266233,191212,view,17504,
1436390336312,191212,view,17504,
1436391944727,124265,view,4227,
1436392474761,45345,view,9790,
1436392541418,45345,view,2680,
1436397519131,114070,view,10940,
1436406328191,147411,view,14324,
1436406874315,68918,view,3397,
1436406893502,68918,view,3397,
1436407057914,68918,view,6941,
1436407466089,38134,view,14209,
1436408359475,33100,view,4792,
1436415655069,127486,view,7785,
1436426002102,42165,view,1813,
1436454155621,163870,view,2618,
1436456098748,100617,view,1737,
1436458640766,9422,view,12773,
1436462249565,74071,view,14271,
1436463023852,51098,view,13250,
1436466688326,115469,view,5953,
1436469345737,7793,view,5011,
1436471153556,188529,view,11819,
1436471200719,188529,view,11819,
1436483218182,77559,view,15964,
1436484703393,155472,view,8161,
1436484768075,155472,view,8161,
1436484774699,155472,view,8161,
1436484816683,155472,view,8161,
1436484858598,155472,view,8161,
1436485381423,138966,view,6977,
1436486278114,10790,view,12009,
1436499693958,91326,view,3947,
1436502874247,84655,view,11212,
1436504210914,101899,view,11774,
1436507787801,31167,view,601,
1436508040346,31167,view,601,
1436508047497,31167,addtocart,601,
1436512101770,168005,view,1332,
1436512623395,7464,view,10569,
1436541106650,54281,view,1830,
1436547013125,38864,view,1077,
1436547728018,38864,view,1741,
1436548723643,43793,view,17772,
1436550319052,100617,view,1737,
1436550370189,20219,view,7151,
1436557411100,21841,view,4580,
1436558586733,90727,view,3568,
1436559478759,123989,view,14682,
1436560557971,169955,view,4692,
1436570745405,28641,view,5237,
1436571456982,143808,view,276,
1436572949029,69425,view,7465,
1436581637148,106221,view,6561,
1436585813325,90984,view,4216,
1436585837736,93279,view,10666,
1436592945899,23620,view,10978,
1436627710831,172719,view,14115,
1436634199996,101165,view,10757,
1436635840753,10072,view,4678,
1436639026695,35627,view,10940,
1436641634598,118155,view,4515,
1436646850574,160874,view,14900,
1436649218536,49953,view,5011,
1436649418307,47030,view,3865,
1436653137432,75488,view,17346,
1436653552201,193286,view,3786,
1436657545681,76008,view,6416,
1436662953230,174708,view,7005,
1436674838243,146335,view,15602,
1436675434851,144811,view,6325,
1436677002076,23533,view,503,
1436685107242,179581,view,12014,
1436704021803,91259,view,12201,
1436705748126,177130,view,10931,
1436711631877,96268,view,6654,
1436712812402,118866,view,15097,
1436717663352,45615,view,7322,
1436731835224,168152,view,8014,
1436733272992,180667,view,17080,
1436733372831,180667,view,17080,
1436734654280,114942,view,1256,
1436735994866,48586,view,4579,
1436740425837,135816,view,14968,
1436745004366,143033,view,12748,
1436745028764,199039,view,7120,
1436745526457,19213,view,12261,
1436745535590,19213,view,12261,
1436762362224,26674,view,7785,
1436762605641,40375,view,16141,
1436768328425,39581,view,9815,
1436774594635,189697,view,17422,
1436774627425,189697,view,15767,
1436781300295,155783,view,8341,
1436788109192,188291,view,12409,
1436801776121,100617,view,1737,
1436803637636,61657,view,3467,
1436803649196,61657,view,3467,
1436803673707,1589,view,392,
1436806134605,93133,view,16950,
1436806783832,165691,view,15915,
1436807576330,190659,view,10683,
1436809296255,10843,view,194,
1436815381454,56316,view,1085,
1436821178170,65456,view,13825,
1436824152100,123989,view,3778,
1436825014854,202974,view,5624,
1436826189358,109196,view,4971,
1436826425117,109196,view,4971,
1436828192634,38683,view,11144,
1436829279970,194348,view,3818,
1436848805277,116746,view,9781,
1436848871619,116746,view,10923,
1436848989537,116746,view,12635,
1436849172774,116746,view,12635,
1436850087714,116746,view,12635,
1436855022954,71035,view,11738,
1436856961844,113764,view,7952,
1436857022865,113764,view,7952,
1436867325213,123989,view,9465,
1436892549200,13452,view,1179,
1436894208316,44873,view,16950,
1436894518683,100690,view,2976,
1436894915224,174157,view,9241,
1436896989108,89526,view,8400,
1436900210035,165475,view,8961,
1436901599269,100617,view,1737,
1436904754940,17881,view,11222,
1436909966457,175694,view,17734,
1436910301939,185467,view,16950,
1436911085557,76802,view,6814,
1436911956304,98060,view,11960,
1436913350922,100617,view,1737,
1436917586370,166334,view,5845,
1436917648167,166334,view,5845,
1436917733423,170010,view,16254,
1436918299852,104542,view,15440,
1436918683910,182825,view,675,
1436920008361,47987,view,17559,
1436921566289,45150,view,60,
1436924004464,60804,view,15285,
1436924092493,60804,view,15285,
1436926571449,12581,view,211,
1436926936356,60804,view,5700,
1436927216478,35760,view,5050,
1436928582764,171841,view,3653,
1436929483906,60804,view,12162,
1436929975057,91199,view,15449,
1436930316221,69195,view,16837,
1436930673054,116746,view,12635,
1436933607251,50596,view,932,
1436933609517,50596,addtocart,932,
1436959229036,206,view,7514,
1436968530644,69225,view,10368,
1436981628549,133006,view,16330,
1436982830622,100617,view,1737,
1436986746961,112689,view,13890,
1436987719204,70346,view,8480,
1436987746373,70346,view,3294,
1436990036284,89902,view,12009,
1436990800334,41459,view,17867,
1436994343247,85166,view,15244,
1436995433892,203335,view,9894,
1436995898515,203335,view,9894,
1436996421839,182962,view,15915,
1436997908427,144813,view,4622,
1437006244020,172763,view,17149,
1437006687767,172763,view,17149,
1437013711747,87335,view,7727,
1437015437233,134448,view,1456,
1437024251299,195812,view,9791,
1437024864641,175380,view,8143,
1437032504467,186942,view,4009,
1437035603335,123989,view,876,
1437062407891,8152,view,17058,
1437066717447,123989,view,4436,
1437066758861,100617,view,1737,
1437072436395,149319,view,5570,
1437073104787,149319,view,5570,
1437073199001,41182,view,17616,
1437074680074,137264,view,9097,
1437084445170,49770,view,675,
1437085950820,12267,view,13889,
1437092855083,79746,view,7804,
1437093208690,79746,view,7804,
1437094327694,132172,view,3727,
1437094774153,71035,view,11738,
1437096410270,176907,view,1478,
1437096928969,201441,view,8089,
1437099764454,176907,view,4677,
1437114966382,170631,view,3094,
1437116470483,71035,view,11738,
1437134257278,22830,view,11237,
1437145799733,198344,view,4674,
1437146752763,70136,view,1355,
1437148294116,128271,view,14977,
1437150612731,206179,view,8690,
1437150904462,206179,view,8690,
1437154736102,197804,view,10582,
1437164335345,100617,view,1737,
1437169787700,20177,view,12073,
1437178871703,123989,view,8083,
1437178917467,123989,view,4018,
1437178993996,123989,view,2654,
1437179064137,41460,view,13979,
1437179208826,123989,view,12868,
1437183051830,127685,view,16195,
1437184861093,16748,view,9831,
1437191126088,60804,view,17901,
1437192299069,10326,view,16950,
1437194073531,43744,view,9554,
1437194180652,43744,view,9554,
1437194447760,43744,view,9554,
1437196256119,60804,view,8243,
1437196664659,60804,view,15703,
1437196735559,60804,view,12787,
1437197023975,60804,view,15002,
1437197631107,60804,view,5700,
1437198549043,60804,view,15730,
1437218546022,48645,view,4426,
1437233316228,118072,view,1636,
1437234206758,44924,view,3421,
1437237025412,206179,view,14740,
1437251977200,135486,view,13744,
1437252312915,206179,view,14989,
1437253522080,103926,view,11660,
1437262372633,43744,view,9554,
1437267734894,114428,view,11709,
1437271151073,98543,view,2985,
1437281174336,110216,view,7856,
1437296716118,68506,view,6752,
1437332772355,127298,view,10313,
1437336136900,19809,view,8480,
1437336413990,55753,view,13858,
1437339365853,73605,view,8083,
1437352022205,13923,view,3532,
1437353280014,46032,view,10328,
1437354475416,78060,view,8396,
1437356560302,160497,view,11246,
1437364426184,205813,view,3046,
1437364824772,21185,view,9825,
1437382004602,81014,view,9739,
1437401860650,98543,view,2985,
1437408157443,71112,view,14271,
1437408413210,100617,view,1737,
1437414980390,91849,view,15253,
1437425543763,123989,view,8430,
1437425735358,123989,view,15308,
1437426151821,123989,view,675,
1437426474124,123989,view,4451,
1437430538084,176355,view,12803,
1437436819645,73802,view,1878,
1437442660367,60804,view,7862,
1437442682873,60804,view,7862,
1437442715720,60804,view,7224,
1437442761794,60804,view,7862,
1437445758557,56917,view,15915,
1437448825331,190991,view,13052,
1437449172942,12452,view,16950,
1437468554181,161611,view,13036,
1437477115490,108478,view,676,
1437477406470,108478,addtocart,676,
1437477917214,108478,view,676,
1437478194393,108478,view,676,
1437478386992,108478,view,676,
1437485751834,184437,view,1468,
1437490501168,169842,view,6406,
1437493080920,81472,view,6904,
1437494700192,94360,view,17910,
1437497154639,198669,view,9535,
1437506350828,90669,view,8340,
1437509314296,142580,view,5237,
1437511483205,25303,view,17171,
1437512968663,90353,view,13926,
1437516083595,8878,view,6759,
1437516584121,71035,view,11738,
1437518697050,134777,view,6970,
1437518708816,61833,view,16357,
1437518857463,29759,view,9620,
1437519807483,8878,view,6759,
1437521041362,8878,view,6759,
1437524549719,159885,view,14069,
1437525110695,159885,view,14069,
1437526784702,159885,view,782,
1437527114362,159885,view,14069,
1437529816620,204644,view,6699,
1437530554924,22528,view,5966,
1437537856874,23430,view,71,
1437582830475,175531,view,5461,
1437583427890,5029,view,9946,
1437583535720,5029,view,9946,
1437585127050,10479,view,14013,
1437590400722,154489,view,12549,
1437590759700,183199,view,11656,
1437593191472,8878,view,6759,
1437597091231,7316,view,12845,
1437601612285,158993,view,12017,
1437621066372,58096,view,11885,
1437623243881,135910,view,3723,
1437625926338,141671,view,4404,
1437630020623,94850,view,13973,
1437643432253,75722,view,13043,
1437652798669,67114,view,12836,
1437673486353,184338,view,1610,
1437673937831,69749,view,9013,
1437680819983,45008,view,8690,
1437683862647,19099,view,101,
1437684696725,26156,view,17699,
1437684751643,26156,view,17699,
1437685048362,26156,view,17699,
1437687130328,78344,view,12742,
1437687899446,189178,view,14002,
1437688087230,1540,view,7659,
1437688776232,168835,view,11660,
1437690203677,170911,view,2648,
1437693122265,112331,view,3167,
1437693730888,185684,view,11028,
1437696988916,15798,view,9942,
1437705772105,83740,view,578,
1437707556171,106281,view,3472,
1437708555847,75855,view,9112,
1437709142576,75855,view,9112,
1437709180950,75855,view,9112,
1437709846806,75855,view,1216,
1437716564381,64171,view,4682,
1437716786218,64171,view,4682,
1437720863691,69466,view,17209,
1437730007460,131603,view,14466,
1437743408151,175532,view,12495,
1437746382353,164322,view,15003,
1437754730771,126125,view,15829,
1437759971866,18550,view,5368,
1437762052529,44293,view,3134,
1437764895769,65202,view,14478,
1437766500650,91310,view,5029,
1437775647649,24854,view,8523,
1437779724427,26254,view,16984,
1437787673065,173989,view,2694,
1437790598233,55920,view,3776,
1437791628507,148070,view,10417,
1437793579005,11550,view,7449,
1437793622737,127457,view,46,
1437794351920,127457,view,46,
1437800025503,5126,view,12594,
1437803170290,5149,view,4199,
1437803197750,5149,addtocart,4199,
1437803832529,5149,transaction,4199,5602.0
1437803895608,107775,view,15244,
1437829301728,137886,view,11943,
1437829802520,178810,view,6951,
1437832354998,162143,view,6105,
1437841539711,118361,view,5191,
1437841840408,49654,view,10575,
1437843686761,115949,view,1148,
1437845736124,87238,view,6231,
1437850884416,42998,view,9832,
1437852749935,191929,view,11039,
1437853463943,22807,view,717,
1437853502454,22807,view,3710,
1437853537059,22807,view,16384,
1437856156723,16037,view,13269,
1437856617476,87517,view,12488,
1437865158506,174647,view,13778,
1437866555931,161820,view,4622,
1437870905824,91010,view,8199,
1437870937715,91010,view,8199,
1437873498975,88522,view,13723,
1437874111459,206166,view,5668,
1437874215764,88522,view,13723,
1437874724174,57271,view,13810,
1437879880416,185425,view,7785,
1437881860003,87517,view,12488,
1437883267953,103769,view,5745,
1437887496041,205974,view,15784,
1437888615679,65324,view,16303,
1437888650234,65324,addtocart,16303,
1437919509643,73288,view,8553,
1437931958930,139465,view,11322,
1437932702645,140888,view,12421,
1437934606524,16916,view,14478,
1437934660589,16916,view,14478,
1437936691089,43712,view,14095,
1437939748862,68212,view,11612,
1437940640394,98883,view,11094,
1437944594757,24264,view,5632,
1437945949781,62798,view,11027,
1437950276492,136171,view,15478,
1437950649207,123916,view,1406,
1437950658517,123916,view,1406,
1437952506038,187646,view,17381,
1437954226363,110086,view,8164,
1437965708123,175532,view,12495,
1437967977685,167385,view,16412,
1437968530274,87517,view,12488,
1437970519410,4168,view,12390,
1437971506664,180003,view,15490,
1437972587906,114702,view,4472,
1437977178609,119833,view,3066,
1437984578441,64626,view,13641,
1437984791082,188068,view,3339,
1438016157855,192740,view,11643,
1438024624504,67080,view,1168,
1438034463664,149458,view,17500,
1438036423575,149458,view,17500,
1438042701457,133549,view,46,
1438042839903,133549,view,7424,
1438044260375,18316,view,14633,
1438053915197,174989,view,8988,
1438053939600,174989,addtocart,8988,
1438070122483,102461,view,3401,
1438070542578,172052,view,16870,
1438070606206,172052,view,16870,
1438087483078,174989,view,8988,
1438094396987,174989,transaction,8988,5565.0
1438094877392,124179,view,1494,
1438094985728,124179,view,1494,
1438098556167,26254,view,16984,
1438098720761,99513,view,15116,
1438098796811,99513,view,15116,
1438099526138,192497,view,8152,
1438099528114,160864,view,1018,
1438099788253,192497,view,8152,
1438100169962,138648,view,3360,
1438108146902,159962,view,9628,
1438109691797,96098,view,8380,
1438114215506,13268,view,11717,
1438118341000,200123,view,3605,
1438118929397,84070,view,9800,
1438119617082,84070,view,9800,
1438121170617,150111,view,15534,
1438121680765,28066,view,11603,
1438121754684,18761,view,16858,
1438126438710,127016,view,13427,
1438127087593,169519,view,1014,
1438127434168,122261,view,11718,
1438134132701,56347,view,8007,
1438138666756,114655,view,10419,
1438138939852,114655,view,10419,
1438139719435,56177,view,329,
1438139793510,101152,view,12106,
1438141673631,114655,addtocart,10419,
1438144869860,145354,view,6183,
1438144891160,145354,view,6183,
1438146192695,114655,transaction,10419,16455.0
1438147148563,108035,view,7443,
1438147544718,75855,view,17236,
1438175130119,163128,view,5881,
1438179250214,196035,view,15680,
1438179423897,36571,view,10336,
1438185498824,177774,view,8310,
1438185539780,177774,view,5171,
1438185629134,177774,view,8310,
1438187393849,26254,view,11883,
1438188553087,26254,view,11883,
1438190495114,55692,view,5968,
1438191669388,9298,view,812,
1438191699449,9298,view,812,
1438192214181,55692,view,5968,
1438194488637,177671,view,14068,
1438197728713,113704,view,8069,
1438207405429,110949,view,12047,
1438209224070,103281,view,13684,
1438210535436,44168,view,369,
1438217926653,66417,view,11829,
1438226053713,29381,view,8221,
1438228078054,90504,view,4340,
1438230358415,162942,view,2845,
1438234441140,1203,view,14586,
1438235205184,154112,view,10655,
1438241634952,136237,view,10000,
1438264644500,122478,view,16389,
1438268840906,153843,view,7126,
1438279816511,150681,view,14665,
1438287541382,172037,view,17454,
1438287974605,172037,view,17454,
1438288021885,172037,view,17454,
1438288721101,172037,view,17454,
1438289265720,25038,view,5876,
1438290282668,90612,view,5029,
1438294260898,165643,view,9620,
1438295563230,131945,view,9620,
1438295915083,131945,view,9620,
1438295985922,131945,view,9620,
1438296010739,131945,view,9620,
1438302519294,131945,view,9620,
1438302606894,131945,view,9620,
1438303507349,19373,view,9399,
1438308606653,172037,view,17454,
1438308682529,172037,addtocart,17454,
1438308867875,172037,transaction,17454,10670.0
1438313440286,160708,view,3927,
1438330685431,126515,view,1943,
1438351877182,41446,view,2098,
1438358238855,202509,view,5314,
1438367875529,61535,view,17442,
1438371212000,115469,view,7722,
1438381302532,182871,view,9091,
1438384091522,45513,view,10096,
1438384395866,26878,view,15509,
1438401756895,85485,view,9013,
1438402022175,85485,addtocart,9013,
1438439084159,130121,view,3571,
1438439222593,130121,view,3571,
1438443686443,19846,view,9554,
1438451318142,1709,view,4199,
1438451803007,75643,view,10606,
1438462254959,119420,view,11325,
1438463254827,8057,view,14195,
1438477326894,37537,view,4492,
1438478535007,88025,view,6288,
1438478725732,88025,view,10544,
1438484893224,80989,view,14515,
1438502745349,356,view,14737,
1438518766710,25007,view,12108,
1438529373123,205397,view,9620,
1438541208915,13837,view,17559,
1438555925280,154764,view,12711,
1438560119394,12973,view,14341,
1438560126790,12973,view,14341,
1438569539654,51851,view,12260,
1438572986575,145154,view,17193,
1438574862688,48921,view,7563,
1438575315161,48921,view,7563,
1438575373026,48921,view,7563,
1438575534854,48921,view,7563,
1438576715445,86091,view,14518,
1438581495765,161156,view,16106,
1438581857046,161156,view,16106,
1438605055105,109661,view,7336,
1438607752099,161156,view,16106,
1438608010126,161156,view,16106,
1438610627171,159585,view,6977,
1438612350629,169025,view,16718,
1438633946936,44943,view,3665,
1438637525214,70924,view,7469,
1438639086601,186181,view,16450,
1438641817914,145904,view,13977,
1438664503494,103017,addtocart,15915,
1438667093019,91524,view,11288,
1438667128865,25007,view,2945,
1438709167402,128152,view,14432,
1438710272299,22285,view,11641,
1438713910813,79834,view,4493,
1438715043000,115447,view,10167,
1438717687281,5287,view,3014,
1438719966148,37361,view,4739,
1438720613947,170239,view,14940,
1438722130134,122984,view,9527,
1438723222048,69292,view,17912,
1438724464620,100800,view,9364,
1438728287737,26254,view,3702,
1438780932650,128504,view,71,
1438785071880,179817,view,10546,
1438796736327,121644,view,14637,
1438800340735,192903,view,3325,
1438815509601,151416,view,8690,
1438820220146,183383,view,14393,
1438825141265,71147,view,398,
1438833166071,99379,view,15244,
1438833213712,99379,view,15244,
1438833593474,99379,view,15244,
1438833596847,99379,addtocart,15244,
1438837653258,85817,view,1265,
1438838808711,39147,view,782,
1438839013300,39147,view,782,
1438840353065,180807,view,13111,
1438844182046,85817,view,1265,
1438874774249,4005,view,4860,
1438882155395,324,view,4039,
1438893829114,24284,view,3999,
1438901492548,45789,view,10888,
1438919092135,85646,view,2461,
1438919513615,88269,view,1563,
1438921595856,77506,view,10551,
1438921977497,77506,view,10551,
1438922457862,201403,view,14586,
1438926467492,165424,view,7509,
1438927478442,50104,view,765,
1438952894755,8806,view,13133,
1438966053350,16291,view,4067,
1438972251337,151359,view,1486,
1438975229063,37381,view,883,
1438978669518,145737,view,5926,
1438983895311,188514,view,17407,
1438987141463,136292,view,3487,
1438996210744,29342,view,9382,
1439005133561,117515,view,16950,
1439044537628,192370,view,11299,
1439048958854,74811,view,12302,
1439050485974,179852,view,7438,
1439050756091,106427,view,8180,
1439053136763,190199,view,9554,
1439053188454,190199,view,9554,
1439053894804,12195,view,2126,
1439074980245,193296,view,12007,
1439075338970,188600,view,4419,
1439075570149,193296,view,15902,
1439075647911,188600,addtocart,4419,
1439075693477,188600,transaction,4419,9138.0
1439094338213,32352,view,11667,
1439094459595,7687,addtocart,7272,
1439104430208,98455,view,10575,
1439133508614,39414,view,17321,
1439138811517,61255,view,16377,
1439150607969,163679,view,4220,
1439233296045,97418,view,4934,
1439233296108,97418,view,4934,
1439238910332,50621,view,9805,
1439241808258,144867,view,15449,
1439242743761,150111,view,15534,
1439247264795,92270,view,16484,
1439297047128,84569,view,13800,
1439300512718,189539,addtocart,9831,
1439300512734,189539,addtocart,9831,
1439300517296,189539,view,9831,
1439300556641,189539,addtocart,675,
1439300556687,189539,addtocart,675,
1439300565969,189539,addtocart,675,
1439300566000,189539,addtocart,675,
1439300574078,189539,view,675,
1439303139419,56641,view,14635,
1439308338512,143952,view,13328,
1439311194956,72231,view,1943,
1439313805597,65982,view,16898,
1439324306637,130035,view,7806,
1439328797432,195628,view,6492,
1439332072729,94290,view,2048,
1439332709953,91600,view,1393,
1439336016283,138804,view,7998,
1439341373235,134210,view,1721,
1439349067898,101520,view,14031,
1439356306970,115566,view,9041,
1439376233157,88210,view,3379,
1439394168097,51505,view,6943,
1439394307778,32807,view,4248,
1439394354748,117733,view,13334,
1439395006216,32807,view,7443,
1439396299634,41026,view,14593,
1439411563470,11453,view,9995,
1439412959317,102336,view,7583,
1439413239029,102336,view,7583,
1439413280890,137005,view,13198,
1439418198398,109286,view,7514,
1439419347578,7789,view,11117,
1439422592013,77876,view,10205,
1439428630422,173856,view,9752,
1439428848843,133716,view,5570,
1439436231940,27206,view,17323,
1439439634692,182021,view,5522,
1439441709077,81452,view,9731,
1439449214473,5654,view,3344,
1439449960076,86225,view,16505,
1439451697303,187061,view,27,
1439466016250,29800,view,13130,
1439475463263,58610,view,6094,
1439475969503,51578,view,912,
1439477622267,112792,view,3792,
1439477665457,196517,view,9846,
1439477714859,196517,view,9846,
1439479385054,164149,view,12797,
1439483706259,154582,view,14628,
1439485912186,82857,view,17742,
1439499905801,80329,view,9620,
1439500995573,104705,view,7471,
1439505971751,47834,view,16950,
1439508330394,198156,view,1534,
1439508528141,66741,view,6363,
1439531406158,95645,view,711,
1439563519031,151533,view,13795,
1439563551038,151533,view,13795,
1439572346254,57176,view,3109,
1439587731089,187782,view,10660,
1439599752998,116746,view,12635,
1439599816912,116746,addtocart,12635,
1439602141686,116746,transaction,12635,9725.0
1439611988436,120804,view,13885,
1439636269029,42141,view,4019,
1439651220421,164821,view,10655,
1439654509247,90783,view,1381,
1439659515888,206005,view,10450,
1439659537744,122465,view,17439,
1439662883637,160621,view,9442,
1439662941927,160621,view,9442,
1439663315740,160621,view,9442,
1439663424894,155167,view,14216,
1439664599542,160621,view,9442,
1439664618612,160621,view,9442,
1439665011105,149010,view,7865,
1439665972789,169185,view,15398,
1439666442009,169185,view,15398,
1439666569862,169185,view,15398,
1439667648694,127496,view,14515,
1439668890173,117320,view,4738,
1439670239192,62302,view,7783,
1439671340964,198323,view,3866,
1439671947865,177621,view,17867,
1439676358784,177621,view,6943,
1439678220856,163219,view,3152,
1439681406783,31736,view,15532,
1439701708169,142887,view,11804,
1439702563695,42141,view,4019,
1439751426045,45405,view,14638,
1439751473767,45405,view,14638,
1439752446098,158544,view,2875,
1439762626680,145998,view,1555,
1439763639833,205399,view,13671,
1439764234607,145998,view,1555,
1439769794355,91444,view,12966,
1439771807750,158544,view,2652,
1439772279975,158544,view,9571,
1439773883593,138930,view,5188,
1439775174972,13612,view,822,
1439776156046,158544,view,7628,
1439777428152,158544,view,9571,
1439779157924,176634,view,10872,
1439780832079,10709,view,15976,
1439789171357,182730,view,3600,
1439790955689,184946,view,1085,
1439826159496,179535,view,9894,
1439831733983,196841,view,4503,
1439832010576,72863,view,3284,
1439835044402,122117,view,17136,
1439838539407,196841,view,3353,
1439840085015,196841,view,3353,
1439840874654,174661,view,13635,
1439842711799,81858,view,12819,
1439846267132,4937,view,2611,
1439846269445,4937,view,2611,
1439850033978,158544,addtocart,9732,
1439850159707,158544,transaction,9732,6484.0
1439852788750,12072,view,13795,
1439853022582,157819,view,7783,
1439856982821,158544,view,9620,
1439857063656,158544,addtocart,9620,
1439857180705,158544,transaction,9620,4794.0
1439859954352,4937,view,2611,
1439860537925,4937,view,2611,
1439865268626,41885,view,5783,
1439870047677,195593,view,4019,
1439870124370,195593,view,16516,
1439873316938,131092,view,1158,
1439875796405,126568,view,10396,
1439882195354,126568,view,10396,
1439910159465,34377,view,6744,
1439910172270,34377,view,6744,
1439912000372,26254,view,3702,
1439916729072,847,view,14247,
1439918060679,196238,view,7096,
1439922488750,151796,view,5051,
1439927838686,26254,view,3702,
1439933316576,63630,view,12658,
1439935943704,97870,view,6638,
1439936272282,149291,view,9831,
1439936795849,145998,view,1555,
1439937711149,26254,view,3702,
1439941102032,53386,view,2222,
1439950469620,63097,view,6220,
1439952926305,149623,view,11810,
1439952941882,2775,view,7379,
1439953503235,179608,view,3415,
1439956271184,94659,view,6658,
1439957061190,9875,view,17956,
1439957090760,133221,view,15751,
1439957362517,195593,view,7856,
1439958901714,182760,view,15807,
1439959234769,133221,view,15751,
1439959526638,133221,view,15751,
1439988280993,22247,view,13789,
1439999410351,89,view,16389,
1439999755833,19780,view,8480,
1440001359016,15283,view,12380,
1440003191808,121012,view,4703,
1440005881190,30213,view,9620,
1440006747458,158544,view,13390,
1440006802174,158544,addtocart,13390,
1440006946538,158544,transaction,13390,3635.0
1440009186871,147214,view,972,
1440009234961,129581,view,8104,
1440009548828,78760,view,12299,
1440010957150,135099,view,16200,
1440012814123,189485,view,8618,
1440013025251,189485,view,8618,
1440016009219,169857,view,12435,
1440016429388,158544,view,9629,
1440018158726,101065,view,14135,
1440065936437,67980,view,11108,
1440066058711,67980,addtocart,11108,
1440066059331,67980,addtocart,11108,
1440066169305,67980,view,11108,
1440079084161,82148,view,12802,
1440083505531,127700,view,17142,
1440084525801,190436,view,8334,
1440094094894,172184,view,2817,
1440099117043,158544,view,13331,
1440099772712,92954,view,10701,
1440099773128,92954,view,10701,
1440111031097,158544,view,7856,
1440112835498,147494,view,72,
1440114343362,158544,view,11428,
1440114476168,21518,view,6105,
1440115506648,158544,view,675,
1440115523487,158544,addtocart,675,
1440115608553,158544,transaction,675,8152.0
1440115695024,158544,view,675,
1440117819957,158544,view,9367,
1440120692138,109167,view,2328,
1440121005918,158544,view,9620,
1440125934312,101520,view,14031,
1440128675749,70927,view,5916,
1440129469018,101520,view,14031,
1440140668814,152816,view,6975,
1440173192688,170550,view,8164,
1440180299006,26453,view,2033,
1440180798942,158544,view,675,
1440184822418,162484,view,1888,
1440186367998,26254,view,13203,
1440187897761,26254,view,13203,
1440188331085,134511,view,13383,
1440188341279,134511,view,13383,
1440188437419,142485,view,3653,
1440192554361,186810,view,8973,
1440204948125,164930,view,8727,
1440206741159,110728,view,14705,
1440207562869,104488,view,13450,
1440211853072,19495,view,4489,
1440211853827,19495,view,4489,
1440215704023,100270,view,8917,
1440215726104,100270,view,8917,
1440265015849,100270,view,13539,
1440265128426,100270,view,14114,
1440265167211,100270,view,7872,
1440268899877,125185,view,15286,
1440272865864,50601,view,16945,
1440273298279,178720,view,6103,
1440278153895,118069,view,15398,
1440278198850,118069,view,15398,
1440278346818,118069,view,15398,
1440279075820,118069,view,9944,
1440279538880,118069,view,15398,
1440280271399,118069,view,15398,
1440280436841,125134,view,17964,
1440281495855,135115,view,8979,
1440286332006,41009,view,3315,
1440289205218,105393,view,12496,
1440296818155,117837,view,15244,
1440301136472,34813,view,3005,
1440301288006,110716,view,16540,
1440309864980,46765,view,996,
1440323787310,42141,view,4019,
1440324732192,100270,view,13539,
1440324842835,100270,view,14114,
1440324869400,100270,view,7872,
1440328106697,100270,view,8917,
1440352466233,167062,view,14980,
1440355983425,103116,view,12146,
1440359427082,159180,view,9038,
1440360697026,159538,view,53,
1440367967137,127326,view,14717,
1440372933802,100270,view,8917,
1440376285966,70346,view,8863,
1440376420352,68544,view,4849,
1440429786722,61898,view,4501,
1440434847595,123299,view,13180,
1440439155552,178419,view,4143,
1440441625564,46901,view,16950,
1440455039770,28392,view,8336,
1440455186164,28392,view,8336,
1440457424998,118069,view,15398,
1440459451500,189075,view,4878,
1440460027762,16008,view,9972,
1440460331308,136928,view,15046,
1440463043076,186354,view,8741,
1440472194026,39987,view,3511,
1440474011699,43138,view,2537,
1440480951342,138529,view,12979,
1440488685456,144729,view,8115,
1440518460779,52906,view,9229,
1440521105892,26507,view,3167,
1440522520997,25420,view,17649,
1440522621766,147729,view,1544,
1440533789979,68314,view,17520,
1440535399503,65085,view,9757,
1440535498207,65085,view,9757,
1440535888989,158505,view,6905,
1440549738059,77423,view,9208,
1440561939262,26916,view,3535,
1440615303920,21312,view,11855,
1440621315871,21273,view,5946,
1440621863135,21273,view,15079,
1440622858852,117837,view,16967,
1440625450387,183989,view,6094,
1440625464657,183989,addtocart,6094,
1440627525231,149367,view,4378,
1440640534812,70209,view,16855,
1440648740801,181092,view,1861,
1440648818983,181092,view,1861,
1440648953608,181092,view,1861,
1440650681137,62853,view,14612,
1440655776387,34265,view,1622,
1440677952121,127139,view,8009,
1440692698583,199993,view,17867,
1440697873306,42141,view,4019,
1440701765566,21454,view,5745,
1440702631430,137167,view,6466,
1440708491432,164104,view,9013,
1440708512361,21096,view,17290,
1440712844564,185573,view,1008,
1440712878921,185573,addtocart,1008,
1440713221704,185573,view,1008,
1440722736969,160631,view,809,
1440728304132,75855,view,3723,
1440729513369,69907,view,13344,
1440730591932,48593,view,10660,
1440736075795,2416,view,10864,
1440774167606,138557,view,15775,
1440774288741,138557,view,15775,
1440775423201,95577,view,5732,
1440775843272,122951,view,746,
1440781557202,175781,view,5440,
1440783285423,23710,view,4709,
1440783369240,23710,view,4709,
1440784213892,95520,view,10454,
1440785808850,31782,view,9733,
1440785829411,31782,view,1203,
1440785883557,201608,view,15116,
1440786755302,55838,view,7770,
1440788553031,63992,view,4085,
1440790083975,63992,view,4085,
1440803785552,49850,view,2376,
1440808396905,88770,view,10453,
1440809189254,40938,view,8104,
1440810533232,177014,view,15094,
1440817358329,68881,view,10923,
1440819083576,21096,view,17290,
1440820018623,172656,view,16942,
1440824899949,21096,view,17290,
1440828309959,187381,view,1442,
1440828444932,160043,view,1864,
1440834277108,114966,view,3051,
1440855338710,157826,view,14009,
1440855394791,157826,view,14009,
1440864817458,65998,view,15865,
1440865276219,65998,view,15865,
1440865406632,65998,view,15865,
1440865467841,65998,view,15865,
1440875530888,84361,view,428,
1440882080777,86918,view,10059,
1440905870514,115803,view,3776,
1440912737664,19957,view,1644,
1440915224019,186810,view,8973,
1440951902547,155066,view,1555,
1440955607946,141296,view,9072,
1440960289091,58112,view,8221,
1440960844607,94726,view,5187,
1440965224869,184352,view,11215,
1440970884475,31730,view,7408,
1440974651436,158344,view,7187,
1440979479706,151963,view,4648,
1440979569825,151963,view,4648,
1440981895453,195481,view,46,
1440985742616,42789,view,8221,
1440985975094,42789,view,8221,
1441006487679,94106,view,8104,
1441036357886,92589,view,13117,
1441038428181,90377,view,287,
1441039973384,63902,view,5643,
1441041219637,106716,view,9141,
1441042048353,106716,view,9141,
1441042554869,171953,addtocart,15612,
1441048517244,179535,view,9894,
1441048930404,138128,view,6979,
1441049248027,179535,view,9894,
1441058646372,102818,view,9444,
1441073096808,108180,view,1769,
1441078748540,192485,view,5890,
1441081004216,164199,view,8007,
1441083528675,138039,view,14208,
1441118105725,206,view,10578,
1441135479809,25282,view,6195,
1441137989215,168780,view,10655,
1441139865987,137216,view,9769,
1441140902956,88025,view,252,
1441147496611,58420,view,16753,
1441152310871,31664,view,8164,
1441158817910,197506,view,10433,
1441160298639,61967,view,4130,
1441162843787,9667,view,10194,
1441164321889,4555,view,6182,
1441167226121,178823,view,1053,
1441168042940,78002,view,1141,
1441171479535,23284,view,2326,
1441190538597,100270,view,2886,
1441203341932,83343,view,770,
1441206873940,203408,view,11059,
1441207299473,118611,view,14478,
1441208280232,25219,view,767,
1441218480494,29440,view,8618,
1441219867504,127532,view,3198,
1441224674650,12483,view,965,
1441226345082,120631,view,4654,
1441230508062,77221,view,7785,
1441233377315,132015,view,13920,
1441235038291,37641,view,675,
1441235081049,37641,view,675,
1441235878732,37641,view,675,
1441241844291,23137,view,9581,
1441248514318,29574,view,11440,
1441254331245,137170,view,17867,
1441259345315,187443,view,11867,
1441265438125,171740,view,9933,
1441290000798,52517,view,4002,
1441294159024,201608,view,4440,
1441294776530,33436,view,8558,
1441294812420,33436,view,8558,
1441295337148,68592,view,14952,
1441304644094,108886,view,15454,
1441304899875,199084,view,8534,
1441304999876,199084,view,8534,
1441305158306,199084,view,8534,
1441309041991,45296,view,16064,
1441311728855,51300,view,13860,
1441321000021,85492,view,14989,
1441321625904,147623,view,16683,
1441330756902,105578,view,1807,
1441340563569,34175,view,9694,
1441383614521,129236,view,16323,
1441384541013,60412,view,14343,
1441387207458,40118,view,11309,
1441387888016,199084,view,8534,
1441388461443,148447,view,15440,
1441388556477,148447,view,1018,
1441389075564,195823,view,15116,
1441389317508,195823,view,10655,
1441393150340,44345,view,1073,
1441393794468,44345,view,1073,
1441394229315,172764,view,9208,
1441394817228,58843,view,12581,
1441394990841,115409,view,11012,
1441396074522,44345,view,1073,
1441396161871,74149,view,14030,
1441396602799,44345,view,1073,
1441398731334,44345,view,7434,
1441400060987,44345,view,9096,
1441401930696,66473,view,17202,
1441403120750,192485,view,5890,
1441405818373,130379,view,17254,
1441413657701,133068,view,2413,
1441418913868,33996,view,9538,
1441420828175,17116,view,14982,
1441422230217,124012,view,211,
1441457908645,54165,view,3717,
1441468947542,193785,view,9999,
1441472699131,40319,view,2536,
1441473429811,177565,view,3746,
1441481304423,150664,view,10698,
1441482629692,87769,view,14810,
1441483585972,87024,view,4599,
1441484829632,68285,view,15426,
1441484913042,100572,view,11025,
1441493201019,85574,view,14977,
1441516506931,121402,view,2513,
1441531622541,104876,view,9910,
1441540641914,57671,view,8868,
1441546240386,33944,view,9029,
1441553817964,197235,view,12224,
1441556136641,157925,view,5781,
1441556183850,157925,view,5781,
1441558233678,198378,view,2222,
1441566748016,143070,view,883,
1441569750052,111121,view,15713,
1441570122873,78656,view,8430,
1441585161645,204974,view,10266,
1441596779515,104876,view,9910,
1441598373530,104876,view,9910,
1441609314982,89607,view,11375,
1441609453014,169538,view,1236,
1441643310540,151125,view,691,
1441648515979,93535,view,2369,
1441654288113,47138,view,3540,
1441654505296,159998,view,12103,
1441656342305,87191,view,10978,
1441661067999,27154,view,2576,
1441661605961,85931,view,9476,
1441678958264,147294,view,11181,
1441685293980,148754,view,673,
1441687661046,103971,view,13796,
1441687706254,128714,view,9249,
1441694683700,194441,view,16024,
1441700353166,41109,view,17502,
1441730608285,103445,view,1544,
1441731136190,103445,view,1544,
1441732280736,170718,view,15221,
1441733413815,136956,view,15657,
1441733657811,136956,view,1516,
1441739912895,23944,view,9433,
1441742296852,46901,view,16950,
1441745412984,39658,view,10923,
1441749649182,166825,view,7068,
1441755218555,98081,view,925,
1441767931501,129414,view,7447,
1441768523593,4970,view,17414,
1441773098492,97970,view,7667,
1441799043411,100270,view,8917,
1441801782735,22739,view,10281,
1441806950227,149492,view,329,
1441809819133,38269,view,15614,
1441816400330,43152,view,9355,
1441817010302,77945,addtocart,10262,
1441818732113,70220,view,12605,
1441819266409,77945,transaction,10262,4966.0
1441819341427,191701,view,10203,
1441822053714,196788,view,16950,
1441823222208,71867,view,11571,
1441825683522,18003,view,7434,
1441830566492,100566,view,3311,
1441831880076,137466,view,16950,
1441831986546,69274,view,2551,
1441834967733,71867,view,11571,
1441834981003,71867,addtocart,11571,
1441836932768,20416,view,9608,
1441838959964,44585,view,4599,
1441842535771,8741,view,12711,
1441846052195,197235,view,5589,
1441849830083,87035,view,12313,
1441850272335,108180,view,1769,
1441850485703,194132,view,7451,
1441850897371,84007,view,3167,
1441856227427,97149,view,1684,
1441859006637,13402,view,711,
1441859769815,122591,view,7426,
1441865147814,191616,view,6624,
1441896917802,194295,view,11682,
1441904165238,40070,view,15244,
1441904391354,101159,view,12773,
1441904899694,101159,view,17994,
1441906117974,32545,view,2099,
1441914271053,120357,view,10355,
1441918121481,115926,view,3653,
1441919419854,132279,view,13868,
1441920090208,133235,view,13868,
1441921016474,140643,view,5570,
1441922244527,50691,view,8525,
1441925463856,147677,view,11228,
1441931561601,156770,view,15580,
1441931862169,172291,addtocart,13461,
1441932998380,41672,view,8845,
1441936771838,101084,view,12549,
1441945539836,117015,view,12957,
1441973247393,195489,view,13868,
1441978563632,164022,view,15313,
1441986459217,37914,view,3009,
1441992712664,43631,view,9322,
1441993943074,40319,addtocart,7272,
1441993974407,40319,view,7272,
1441994023833,40319,view,7272,
1441996287955,95721,view,4931,
1442003414687,180031,view,16628,
1442023013190,108302,view,6349,
1442055038334,201674,view,15196,
1442060987826,92825,view,4333,
1442068702228,92887,view,5916,
1442071548555,6847,view,5890,
1442074673430,2684,view,2359,
1442078441101,149756,view,1083,
1442080502449,82594,view,14549,
1442100502437,125657,view,15509,
1442102842947,164741,view,14053,
1442107977367,18429,view,4722,
1442109052363,171088,view,11025,
1442121559275,1200,view,1601,
1442123701468,160138,view,6951,
1442125297706,170137,view,17103,
1442125457228,170137,view,341,
1442125894631,65553,view,16537,
1442125973982,65553,view,16537,
1442143373902,127096,view,15760,
1442162928203,158879,view,17047,
1442187801795,82283,view,3406,
1442188486949,108028,view,12492,
1442194277083,10103,view,5781,
1442195718646,185381,view,5562,
1442195750199,185381,view,2716,
1442195803494,185381,view,4350,
1442195822159,185381,view,2716,
1442195895991,185381,view,4350,
1442200809915,23163,view,7537,
1442204542056,19234,view,5326,
1442214056148,114994,view,15985,
1442214176882,114994,view,15985,
1442215372447,59265,view,341,
1442243959119,37914,view,3009,
1442248969274,36743,view,211,
1442250172489,106143,view,3817,
1442250858504,10133,view,9545,
1442252688918,36176,view,17180,
1442252708742,36176,view,17180,
1442255188892,15262,view,5027,
1442262509298,172100,view,13078,
1442266267252,78057,view,9620,
1442266267537,78057,view,9620,
1442266268698,78057,view,9620,
1442269998824,10103,view,5781,
1442273070806,177238,view,16028,
1442276347631,119903,view,12178,
1442276434374,176400,view,12797,
1442276672870,119903,view,12178,
1442282299841,141926,view,10577,
1442282542618,54829,view,13926,
1442285815894,130483,view,5965,
1442289623104,18480,view,7868,
1442289637105,18480,view,17849,
1442290140204,152080,view,17362,
1442290183293,152080,addtocart,17362,
1442290364039,152080,view,17362,
1442294602084,59275,view,2886,
1442301190566,76351,view,9167,
1442307622917,185840,view,7197,
1442323743127,176987,view,17792,
1442333482374,37914,view,3009,
1442335699463,159567,view,1612,
1442346275641,13224,view,7068,
1442348530399,166520,view,13868,
1442350101066,112176,view,13868,
1442350115254,138371,view,13868,
1442353348099,152528,view,13868,
1442353568503,39652,view,16335,
1442356386807,109569,view,13868,
1442358644225,65257,view,17112,
1442359056540,65257,view,17112,
1442368599618,138387,view,5957,
1442379938844,76674,view,13868,
1442382830073,84647,view,4942,
1442383158348,155169,view,11645,
1442383468783,155169,view,15907,
1442383575765,155169,view,15907,
1442414112932,81088,view,17894,
1442416272831,101539,view,13868,
1442419703727,29076,view,12711,
1442421359226,67439,view,9533,
1442424427356,192402,view,9497,
1442429093595,198700,view,10373,
1442429151330,198700,view,10373,
1442433423643,37367,view,1769,
1442435957537,176279,view,361,
1442436771581,41109,view,17502,
1442438686304,47064,view,12377,
1442453068710,75529,view,13946,
1442455549528,39006,view,3776,
1442458654189,35458,view,17867,
1442458661749,35458,addtocart,17867,
1442458759559,35458,view,17867,
1442458772045,35458,view,17867,
1442458955729,35458,view,17867,
1442459174303,35458,transaction,17867,6623.0
1442461719363,187481,view,12380,
1442464410896,117126,addtocart,11181,
1442466371700,142860,view,9165,
1442501795579,193969,view,2359,
1442508543755,127970,view,15582,
1442508874754,127970,view,15582,
